Moleculas,Compound,Smiles,Link,Total Molweight,Molweight,Monoisotopic Mass,cLogP,cLogS,H-Acceptors,H-Donors,Total Surface Area,Relative PSA,Polar Surface Area,Druglikeness,Mutagenic,Tumorigenic,Reproductive Effective,Irritant,Nasty Functions,Shape Index,Molecular Flexibility,Molecular Complexity,Fragments,Non-H Atoms,Non-C/H Atoms,Metal-Atoms,Electronegative Atoms,Stereo Centers,Rotatable Bonds,Rings Closures,Aromatic Atoms,sp3-Atoms,Symmetric atoms,Small Rings,Carbo-Rings,Hetero-Rings,Saturated Rings,Non-Aromatic Rings,Aromatic Rings,Saturated Carbo-Rings,Non-Aromatic Carbo-Rings,Carbo-Aromatic Rings,Saturated Hetero-Rings,Non-Aromatic Hetero-Rings,Hetero-Aromatic Rings,Amides,Amines,Alkyl-Amines,Aromatic Amines,Aromatic Nitrogens,Basic Nitrogens,Stereo Configuration,Globularity SVD,Globularity Vol,VDW-Surface,VDW-Volume
1,Lig_COX2_5IKQ_Alig.pdb,CC1=C(C(=C(C=C1)Cl)NC2=CC=CC=C2C(=O)O)Cl,https://www.linkpicture.com/q/001_20.png,296.152,296.152,295.016.683,4.231,-5.023,3,2,211.68,17.763,49.33,-77.511,none,none,high,none,,47.368,48.297,76.523,1,19,5,0,5,0,3,2,12,2,0,2,2,0,0,0,2,0,0,2,0,0,0,0,1,0,1,0,0,,4.095,77.052,258.89,264.84
2,"+E4:F38(3β,5α,8α,22E,24S)-5,8-epidioxyergosta-6,9(11),22-trien-3-ol",CC(C)[C@H](C)/C=C/[C@@H](C)[C@H](CC1)[C@@](C)(CC=C2[C@@]3(C)CC[C@@H](C4)O)[C@H]1[C@]21OO[C@@]34C=C1,https://www.linkpicture.com/q/002_11.png,426.638,426.638,426.313.395,6.2814,-5.725,3,1,322.82,10.253,38.69,-20.469,none,high,none,none,peroxo,51.613,34.683,1.1984,1,31,3,0,3,9,4,5,0,25,1,6,4,2,3,6,0,2,4,0,1,2,0,0,0,0,0,0,0,this enantiomer,34.633,74.206,388.35,459.8
3,3-Oxo-8-lanostan-21-oic-acid,CC(C)CCC[C@@H](CC(O)=O)[C@@H](CC1)[C@@](C)(CC2)[C@]1(C)C(CC1)=C2[C@@](C)(CC2)[C@H]1C(C)(C)C2=O,https://www.linkpicture.com/q/003_4.png,470.735,470.735,470.375.995,7.6075,-6.513,3,1,366.85,1.068,54.37,-50.411,none,none,low,none,,47.059,32.354,99.297,1,34,3,0,3,6,7,4,0,28,2,4,4,0,2,4,0,2,4,0,0,0,0,0,0,0,0,0,0,this enantiomer,33.133,73.018,426.49,516.6
4,"3β,5α,8α,22E)-5,8-epidioxyergosta-6,22-
dien-3-yl β-D-glucopyranoside",CC(C)[C@@H](C)/C=C/[C@@H](C)[C@H](CC1)[C@@](C)(CC[C@@H]2[C@@]3(C)CC[C@H](C4)O[C@H]([C@@H]([C@@H]5O)O)O[C@@H](CO)[C@H]5O)[C@H]1[C@@]21OO[C@@]34C=C1,https://www.linkpicture.com/q/004_1.png,590.795,590.795,59.038.187,4.5488,-5.689,8,4,426.18,21.681,117.84,-65.962,none,high,none,none,peroxo,0.5,31.348,1.022,1,42,8,0,8,15,7,6,0,38,1,7,4,3,5,7,0,3,4,0,2,3,0,0,0,0,0,0,0,this enantiomer,35.635,7.061,488.98,603.08
5,"(22E,24S)-Ergosta-4,22-dien-3-one",CC(C)[C@H](C)/C=C/[C@H](C)[C@@H](CC1)[C@](C)(CC2)[C@H]1[C@@H](CC1)[C@@H]2[C@](C)(CC2)C1=CC2=O,https://www.linkpicture.com/q/005_4.png,396.656,396.656,396.339.215,7.2923,-6.222,1,0,320.42,40.697,17.07,-10.256,none,none,high,none,,55.172,2.975,92.329,1,29,1,0,1,8,4,4,0,23,1,4,4,0,3,4,0,3,4,0,0,0,0,0,0,0,0,0,0,this enantiomer,42.479,74.527,379.45,446.89
6,"(22E)-3β,5α-dihydroxyergosta-7, 22-dien-6-one",CC(C)[C@@H](C)/C=C/[C@@H](C)[C@@H](CC1)[C@@](C)(CC[C@@H]2[C@@](C)(CC[C@@H](C3)O)[C@@]33O)[C@@H]1C2=C[C@H]3OC,https://www.linkpicture.com/q/006_3.png,444.697,444.697,444.360.345,5.901,-5.45,3,2,346.78,10.439,49.69,22.742,none,none,none,none,,0.5,29.035,98.524,1,32,3,0,3,10,5,4,0,28,1,4,4,0,3,4,0,3,4,0,0,0,0,0,0,0,0,0,0,this enantiomer,37.106,73.476,410.47,492.27
7,"(22E)-6β-methoxyergosta-7,22-diene-3β,5α-diol",CC(C)[C@@H](C)/C=C/[C@@H](C)[C@@H](CC1)[C@@](C)(CC[C@@H]2[C@@](C)(CC[C@@H](C3)O)[C@@]33O)[C@@H]1C2=C[C@H]3OC,https://www.linkpicture.com/q/007_2.png,444.697,444.697,444.360.345,5.901,-5.45,3,2,346.78,10.439,49.69,22.742,none,none,none,none,,0.5,29.035,98.524,1,32,3,0,3,10,5,4,0,28,1,4,4,0,3,4,0,3,4,0,0,0,0,0,0,0,0,0,0,this enantiomer,31.576,73.221,410.59,489.98
8,"(22E)-19-norergosta-5,7,9,22-tetraen-3β-ol",CC(C)[C@@H](C)/C=C/[C@@H](C)[C@@H](CC1)[C@@](C)(CC2)[C@H]1c1c2c(CC[C@@H](C2)O)c2cc1,https://www.linkpicture.com/q/008.png,380.614,380.614,380.307.915,7.3937,-6.224,1,1,308.64,42.444,20.23,-16.216,none,none,none,none,,57.143,28.169,91.691,1,28,1,0,1,6,4,4,6,20,1,4,4,0,1,3,1,1,3,1,0,0,0,0,0,0,0,0,0,this enantiomer,31.159,72.611,377.84,427.15
9,"(22E)-3β,5α,9α-trihydroxyergosta-7,22-dien-6-one",CC(C)[C@@H](C)/C=C/[C@@H](C)[C@@H](CC1)[C@@](C)(CC2)[C@@H]1[C@H](CC([C@@](C1)([C@]3(C)CC[C@@H]1O)O)=O)[C@@]23O,https://www.linkpicture.com/q/009.png,446.669,446.669,44.633.961,4.8979,-5.187,4,3,335.58,15.597,77.76,42.767,none,none,none,none,,0.5,31.183,1.1962,1,32,4,0,4,10,4,4,0,28,1,4,4,0,4,4,0,4,4,0,0,0,0,0,0,0,0,0,0,this enantiomer,29.003,74.325,397.62,477.57
10,"(22E)-5α,6α-epoxyergosta-8,14,22-triene-3β,7β-diol",CC(C)[C@@H](C)/C=C/[C@@H](C)[C@@H]1[C@@](C)(CCC([C@@](C)(CC[C@@H](C2)O)[C@]22O[C@@H]22)=C3[C@H]2O)C3=CC1,https://www.linkpicture.com/q/010.png,426.638,426.638,426.313.395,5.2418,-5.104,3,2,325.33,13.479,52.99,-51.128,high,none,low,none,oxiran/aziridine,51.613,30.078,1.0381,1,31,3,0,3,9,4,5,0,25,1,6,4,2,2,6,0,1,4,0,1,2,0,0,0,0,0,0,0,this enantiomer,34.526,74.198,390.77,464.08
11,"(22E)-ergosta-5,7,22-trien-3β-ol",CC(C)[C@@H](C)/C=C/[C@@H](C)[C@@H](CC1)[C@]2(C)[C@H]1C1=CC=C(C[C@H](CC3)O)[C@@]3(C)[C@H]1CC2,https://www.linkpicture.com/q/011_1.png,396.656,396.656,396.339.215,7.0441,-5.907,1,1,319.97,40.941,20.23,-11.756,none,none,none,none,,55.172,30.358,93.607,1,29,1,0,1,8,4,4,0,23,1,4,4,0,3,4,0,3,4,0,0,0,0,0,0,0,0,0,0,this enantiomer,31.014,74.349,381.96,449.67
12,"(22E)-Ergosta-7,22-dien-3β-ol",CC(C)[C@@H](C)/C=C/[C@@H](C)[C@@H](CC1)[C@]2(C)[C@H]1C1=CC[C@H](C[C@H](CC3)O)[C@@]3(C)[C@H]1CC2,https://www.linkpicture.com/q/012.png,398.672,398.672,398.354.865,7.1486,-6.171,1,1,321.52,40.744,20.23,-12.005,none,low,none,none,,55.172,30.403,93.464,1,29,1,0,1,9,4,4,0,25,1,4,4,0,3,4,0,3,4,0,0,0,0,0,0,0,0,0,0,this enantiomer,31.686,74.056,385.58,453.54
13,"(3β,5α,22E)-Ergosta-7,22,24(28)-trien-3-ol",CC(C)C(/C=C/[C@@H](C)[C@H](CC1)[C@]2(C)[C@H]1C1=CC[C@H](C[C@H](CC3)O)[C@@]3(C)[C@H]1CC2)=C,https://www.linkpicture.com/q/013.png,396.656,396.656,396.339.215,7.3512,-6.074,1,1,319.51,41,20.23,-19.857,none,low,none,none,,55.172,27.408,93.607,1,29,1,0,1,8,4,4,0,23,1,4,4,0,3,4,0,3,4,0,0,0,0,0,0,0,0,0,0,this enantiomer,33.721,73.872,385.08,450.96
14,"24-ethylcholesta-5,22-dien-3β-ol",CC[C@@H](C(C)C)/C=C/[C@H](C)[C@@H](CC1)[C@@](C)(CC2)[C@@H]1[C@H]1[C@H]2[C@](C)(CC[C@@H](C2)O)C2=CC1,https://www.linkpicture.com/q/014.png,412.699,412.699,412.370.515,7.603,-6.441,1,1,335.28,39.072,20.23,1.2217,none,none,none,none,,53.333,32.301,92.506,1,30,1,0,1,9,5,4,0,26,1,4,4,0,3,4,0,3,4,0,0,0,0,0,0,0,0,0,0,this enantiomer,35.533,73.948,397.38,473.45
15,"3,4-seco-8α,9α-Epoxy-5α-lanosta-21-oic acid 3,4 lactone",CC(C)CCC[C@H]([C@@H](CC1)[C@@](C)(CC2)[C@]1(C)[C@]1(CC3)O[C@@]12[C@@](C)(CC1)[C@@H]3C(O)(O)OC1=O)C(O)=O,https://www.linkpicture.com/q/015.png,492.65,492.65,492.308.705,4.6684,-4.999,7,3,353.32,2.633,116.59,-56.475,none,none,none,high,oxiran/aziridine; orthoester/acid,45.714,33.016,1.0666,1,35,7,0,7,8,6,5,0,31,2,7,3,4,7,7,0,3,3,0,4,4,0,0,0,0,0,0,0,this enantiomer,37.098,74.259,407.53,494.88
16,"3,4-seco-5β-Lanosta-7,9(11),4(29)-trien-3,21-dioic acid",CC(C)CCC[C@H]([C@@H](CC1)[C@@](C)(CC=C2[C@@]3(C)CCC(O)=O)[C@]1(C)C2=CC[C@@H]3C(C)=C)C(O)=O,https://www.linkpicture.com/q/016_1.png,470.691,470.691,47.033.961,7.1023,-5.748,4,2,372,14.054,74.6,-22.198,none,none,none,none,,47.059,41.823,99.474,1,34,4,0,4,6,10,3,0,24,1,3,3,0,1,3,0,1,3,0,0,0,0,0,0,0,0,0,0,this enantiomer,36.745,71.395,435.49,515.34
17,"3,4-seco-5β-lanosta-7,9(11),4(29)-trien-3,21-dioic acid-3-methyl ester",CC(C)CCC[C@H]([C@@H](CC1)[C@@](C)(CC=C2[C@@]3(C)CCC(OC)=O)[C@]1(C)C2=CC[C@@H]3C(C)=C)C(O)=O,https://www.linkpicture.com/q/017_1.png,484.718,484.718,48.435.526,7.5302,-5.876,4,1,387.91,12.678,63.6,-29.675,none,none,none,none,,48.571,42.692,99.609,1,35,4,0,4,6,11,3,0,25,1,3,3,0,1,3,0,1,3,0,0,0,0,0,0,0,0,0,0,this enantiomer,33.544,70.347,450.64,530.46
18,"5α,6α-epoxy-24(R)-methylcholesta-7,22-dien-3β-ol",CC(C)[C@@H](C)/C=C/[C@@H](C)[C@@H](CC1)[C@@](C)(CC2)[C@H]1[C@H]1[C@H]2[C@@](C)(CC[C@@H](C2)O)[C@]22O[C@H]2C1,https://www.linkpicture.com/q/018.png,414.671,414.671,41.434.978,6.132,-6.067,2,1,323.87,94.946,32.76,-11.021,none,none,none,none,oxiran/aziridine,53.333,28.475,96.775,1,30,2,0,2,11,4,5,0,28,1,6,4,2,6,6,0,4,4,0,2,2,0,0,0,0,0,0,0,this enantiomer,30.056,74.803,385.43,460.13
19,"5α,8α-epidioxy-24(R)-methylcholesta-6,22- dien-3β-D-glucopyranoside",CC(C)[C@@H](C)/C=C/[C@@H](C)[C@@H](CC1)[C@]2(C)[C@H]1[C@]1(CC3)OO[C@]3(C[C@@H](CC3)OC([C@H](CCC(O)=O)N)=O)[C@@]3(C)[C@H]1CC2,https://www.linkpicture.com/q/019_1.png,559.785,559.785,559.387.289,4.0864,-6.589,7,2,419.43,20.134,108.08,-20.853,none,high,none,none,peroxo,0.55,35.986,1.0185,1,40,7,0,7,11,10,5,0,34,1,6,4,2,6,6,0,4,4,0,2,2,0,0,1,1,0,0,1,this enantiomer,42.443,70.398,487.77,597.85
20,"5α,8α-epidioxy-24(R)-methylcholesta-6,22-dien-β-ol",CC(C)[C@@H](C)/C=C/[C@H]([C@@H](CC[C@@H]1[C@@H](C[C@@H]2O[C@]22C[C@H](CC3)O)[C@H](CC4)[C@]23O)[C@]14O)O,https://www.linkpicture.com/q/020.png,420.588,420.588,420.287.575,2.5821,-4.254,5,4,306.14,22.882,93.45,-77.691,none,none,none,none,oxiran/aziridine,53.333,31.132,99.582,1,30,5,0,5,11,4,5,0,28,1,6,4,2,6,6,0,4,4,0,2,2,0,0,0,0,0,0,0,this enantiomer,33.301,74.353,377.75,442.46
21,"5α,6α-epoxyergosta-8(14)-ene-3β,7α-diol",CC(C)[C@@H](C)CC[C@@H](C)[C@@H](CC1)[C@@](C)(CC[C@@H]2[C@@](C)(CC[C@@H](C3)O)[C@]33O[C@@H]33)C1=C2[C@@H]3O,https://www.linkpicture.com/q/021.png,430.67,430.67,430.344.695,5.5985,-5.596,3,2,327.9,13.373,52.99,-77.916,high,none,none,none,oxiran/aziridine,51.613,32.088,1.0241,1,31,3,0,3,10,5,5,0,29,1,6,4,2,5,6,0,3,4,0,2,2,0,0,0,0,0,0,0,this enantiomer,33.437,74.259,393.43,469.38
22,"9,11-dehydroergosterol peroxide",CC(C)[C@@H](C)/C=C/[C@@H](C)[C@@H](CC1)[C@@](C)(CC=C2[C@@]3(C)CC[C@@H](C4)O)[C@@H]1[C@]21OO[C@@]34C=C1,https://www.linkpicture.com/q/022.png,426.638,426.638,426.313.395,6.2814,-5.725,3,1,322.82,10.253,38.69,-20.469,none,high,none,none,peroxo,51.613,34.028,1.1984,1,31,3,0,3,9,4,5,0,25,1,6,4,2,3,6,0,2,4,0,1,2,0,0,0,0,0,0,0,this enantiomer,29.425,7.451,385.95,458.35
23,Dehydroeburicoic acid,CC(C)C(CC[C@H]([C@@H](CC1)[C@]2(C)[C@]1(C)C1=CC[C@@H](C(C)(C)[C@H](CC3)O)[C@@]3(C)C1=CC2)C(O)=O)=C,https://www.linkpicture.com/q/023.png,468.719,468.719,468.360.345,7.1549,-6.027,3,2,362.16,10.835,57.53,-65.051,none,none,none,none,,47.059,34.759,1.1954,1,34,3,0,3,7,6,4,0,26,2,4,4,0,2,4,0,2,4,0,0,0,0,0,0,0,0,0,0,this enantiomer,30.709,73.194,422.69,511.53
24,Eburicoic acid,CC(C)C(CC[C@H]([C@@H](CC1)[C@@](C)(CC2)[C@]1(C)C(CC1)=C2[C@@](C)(CC2)[C@@H]1C(C)(C)[C@H]2O)C(O)=O)=C,https://www.linkpicture.com/q/024.png,470.735,470.735,470.375.995,7.4303,-6.255,3,2,363.18,10.805,57.53,-68.885,none,none,low,none,,47.059,34.421,1.1949,1,34,3,0,3,7,6,4,0,28,2,4,4,0,2,4,0,2,4,0,0,0,0,0,0,0,0,0,0,this enantiomer,31.458,73.601,422.59,515.66
25,Ganoderic Acid N,C[C@H](CCC(O)=O)[C@@H](CC1=O)[C@@](C)(C2)[C@]1(C)C([C@H](C[C@@H](C1(C)C)[C@]3(C)CC[C@@H]1O)O)=C3C2=O,https://www.linkpicture.com/q/025_1.png,460.609,460.609,46.028.249,3.6134,-4.397,6,3,328.74,23.855,111.9,-37.842,none,none,none,none,,45.455,25.723,1.0321,1,33,6,0,6,8,4,4,0,25,1,4,4,0,2,4,0,2,4,0,0,0,0,0,0,0,0,0,0,this enantiomer,35.605,76.777,376.39,461.77
26,Marasmic acid,CC(C)(C[C@@H]1[C@@](C2)([C@]22[C@H](O)O3)C3=O)C[C@H]1C=C2C=O,https://www.linkpicture.com/q/026_1.png,262.304,262.304,26.212.051,8.005,-2.52,4,1,172.38,2.853,63.6,-25.475,high,none,high,high,,42.105,19.024,98.611,1,19,4,0,4,5,1,4,0,13,1,6,4,2,4,6,0,2,4,0,2,2,0,0,0,0,0,0,0,this enantiomer,48.109,82.542,235.47,254.73
27,Antcin K,C[C@H](CCC([C@@H](C)C(O)=O)=C)[C@@H](CC1)[C@@](C)(C2)[C@@H]1C([C@H](C[C@H]([C@]1(C)CC[C@H]3O)[C@@]3(C)O)O)=C1C2=O,https://www.linkpicture.com/q/027.png,488.662,488.662,48.831.379,4.3834,-4.704,6,4,356.18,22.034,115.06,-15.436,none,none,none,none,,48.571,37.122,1.1983,1,35,6,0,6,10,6,4,0,27,0,4,4,0,2,4,0,2,4,0,0,0,0,0,0,0,0,0,0,this enantiomer,32.064,73.207,418.49,504.06
28,Eringiacetal A,CC(C)[C@@H](C)/C=C/[C@@H](C)[C@@H](CC1)[C@@](C)(CC2)C1=C1[C@@]3(O)O[C@]4(C5)O[C@H]3O[C@@]12[C@@]4(C)CC[C@@H]5O,https://www.linkpicture.com/q/028.png,458.636,458.636,458.303.225,4.8139,-5.027,5,2,321.55,17.478,68.15,-18.572,none,none,none,none,,48.485,25.412,1.1169,1,33,5,0,5,10,4,6,0,29,1,9,3,6,8,9,0,2,3,0,6,6,0,0,0,0,0,0,0,this enantiomer,34.578,74.134,396.08,472.97
29,Estelasterol,CC(C)[C@H](C)/C=C/[C@@H](C)[C@@H](CC1)[C@]2(C)[C@@H]1C1=CC[C@H](C[C@H](CC3)O)[C@H]3[C@H]1CC2,https://www.linkpicture.com/q/029.png,384.645,384.645,384.339.215,6.8171,-5.994,1,1,311.35,42.075,20.23,-12.005,none,none,none,none,,57.143,30.521,90.851,1,28,1,0,1,9,4,4,0,24,1,4,4,0,3,4,0,3,4,0,0,0,0,0,0,0,0,0,0,this enantiomer,32.989,74.117,378.49,441.65
30,Inotodiol,C[C@H]([C@@H](CC=C(C)C)O)[C@@H](CC1)[C@@](C)(CC2)[C@]1(C)C(CC1)=C2[C@@](C)(CC2)[C@@H]1C(C)(C)[C@H]2O,https://www.linkpicture.com/q/030.png,442.725,442.725,44.238.108,7.3998,-6.054,2,2,345.89,75.747,40.46,-11.653,none,none,high,none,,0.5,29.837,99.609,1,32,2,0,2,8,4,4,0,28,2,4,4,0,2,4,0,2,4,0,0,0,0,0,0,0,0,0,0,this enantiomer,31.744,74.723,403.82,492.58
31,Lanosterol,C[C@H](CCC=C(C)C)[C@@H](CC1)[C@@](C)(CC2)[C@]1(C)C(CC1)=C2[C@@](C)(CC2)[C@@H]1C(C)(C)[C@H]2O,https://www.linkpicture.com/q/031_1.png,426.726,426.726,426.386.165,8.4216,-6.453,1,1,340.8,38.439,20.23,-41.331,none,none,high,high,,51.613,28.161,98.582,1,31,1,0,1,7,4,4,0,27,2,4,4,0,2,4,0,2,4,0,0,0,0,0,0,0,0,0,0,this enantiomer,33.066,74.942,400.33,488.31
32,"Ergosta-7,22-dien-3β-yl pentadecanoate",CCCCCCCCCCCCCCC(O[C@@H](CC1)C[C@@H]2[C@@]1(C)[C@@H](CC[C@@]1(C)[C@@H]3CC[C@@H]1[C@H](C)/C=C/[C@H](C)C(C)C)C3=CC2)=O,https://www.linkpicture.com/q/032.png,623.059,623.059,62.256.888,13.54,-10.091,2,0,534.06,43.141,26.3,-25.406,none,none,none,none,,68.889,40.032,94.361,1,45,2,0,2,9,19,4,0,39,1,4,4,0,3,4,0,3,4,0,0,0,0,0,0,0,0,0,0,this enantiomer,24.787,6.011,659.39,741.69
33,Ergosterol peroxide,CC(C)[C@@H](C)/C=C/[C@@H](C)[C@@H](CC1)[C@@](C)(CC[C@@H]2[C@@]3(C)CC[C@@H](C4)O)[C@@H]1[C@@]21OO[C@@]34C=C1,https://www.linkpicture.com/q/033.png,428.654,428.654,428.329.045,6.3859,-5.989,3,1,324.37,10.204,38.69,-24.641,none,high,none,none,peroxo,51.613,32.944,98.466,1,31,3,0,3,10,4,5,0,27,1,6,4,2,4,6,0,3,4,0,1,2,0,0,0,0,0,0,0,this enantiomer,34.443,75.541,381.06,459.06
34,Pinicolol B,C[C@@]1([C@H](C[C@@H]2O)[C@@H](CCC=C(C)C)CO)[C@]2(C)C2=CC[C@@H](C(C)(C)[C@H](CC3)O)[C@@]3(C)C2=CC1,https://www.linkpicture.com/q/034.png,456.708,456.708,456.360.345,6.3674,-5.319,3,3,352.72,11.142,60.69,-52.094,none,none,none,none,,48.485,2.955,1.0162,1,33,3,0,3,8,5,4,0,27,2,4,4,0,2,4,0,2,4,0,0,0,0,0,0,0,0,0,0,this enantiomer,36.824,73.573,413.54,498.78
35,Polyporusterone A,CC(C)[C@@H](C)C[C@H]([C@@](C)([C@@H](CC1)[C@@](C)(CC[C@H]([C@@](C)(C[C@@H]2O)[C@H]3C[C@H]2O)C2=CC3=O)[C@]12O)O)O,https://www.linkpicture.com/q/035.png,478.667,478.667,47.832.944,3.1356,-4.353,6,5,345.23,2.275,118.22,-65.944,high,high,none,none,,47.059,32.462,1.0293,1,34,6,0,6,11,5,4,0,30,1,4,4,0,3,4,0,3,4,0,0,0,0,0,0,0,0,0,0,this enantiomer,35.497,74.949,402.64,492.77
36,Polyporusterone B,CC(C)C(C[C@H]([C@@](C)([C@@H](CC1)[C@@](C)(CC[C@H]([C@@](C)(C[C@@H]2O)[C@H]3C[C@H]2O)C2=CC3=O)[C@]12O)O)O)=C,https://www.linkpicture.com/q/036.png,476.651,476.651,47.631.379,3.3382,-4.256,6,5,343.22,22.883,118.22,-1.636,high,high,none,none,,47.059,33.929,1.0309,1,34,6,0,6,10,5,4,0,28,1,4,4,0,3,4,0,3,4,0,0,0,0,0,0,0,0,0,0,this enantiomer,34.141,75.132,398.46,486.86
37,Polyporusterone C,CC(C)[C@@H](C)[C@@H]1O[C@H]1[C@@](C)([C@@H](CC1)[C@@](C)(CC[C@H]([C@@](C)(C[C@@H]2O)[C@H]3C[C@H]2O)C2=CC3=O)[C@]12O)O,https://www.linkpicture.com/q/037.png,476.651,476.651,47.631.379,2.7828,-4.435,6,4,341.77,24.312,110.52,1.0913,high,high,none,none,oxiran/aziridine,47.059,30.891,1.0412,1,34,6,0,6,12,4,5,0,30,1,5,4,1,4,5,0,3,4,0,1,1,0,0,0,0,0,0,0,this enantiomer,35.952,74.984,397.83,484.23
38,Polyporusterone E,CC(C)[C@@H](C)[C@@H]1O[C@H]1[C@@H](C)[C@@H](CC1)[C@@](C)(CC[C@H]([C@@](C)(C[C@@H]2O)[C@H]3C[C@H]2O)C2=CC3=O)[C@]12O,https://www.linkpicture.com/q/038.png,460.652,460.652,460.318.875,3.6423,-4.885,5,3,337.51,20.737,90.29,51.725,low,high,none,none,oxiran/aziridine,48.485,31.251,1.0164,1,33,5,0,5,12,4,5,0,29,1,5,4,1,4,5,0,3,4,0,1,1,0,0,0,0,0,0,0,this enantiomer,40.034,74.478,397.1,478.05
39,Polyporusterone F,CC(C)[C@@H](C)C[C@H]([C@@H](C)[C@@H](CC1)[C@@](C)(CC[C@H]([C@@](C)(C[C@@H]2O)[C@H]3C[C@H]2O)C2=CC3=O)[C@]12O)O,https://www.linkpicture.com/q/039.png,462.668,462.668,462.334.525,3.9951,-4.803,5,4,340.97,19.192,97.99,-13.656,low,high,none,none,,48.485,32.993,1.1964,1,33,5,0,5,11,5,4,0,29,1,4,4,0,3,4,0,3,4,0,0,0,0,0,0,0,0,0,0,this enantiomer,35.777,74.385,403.41,488.61
40,Polyporusterone  G,CC(C)C(C[C@H]([C@@H](C)[C@@H](CC1)[C@@](C)(CC[C@H]([C@@](C)(C[C@@H]2O)[C@H]3C[C@H]2O)C2=CC3=O)[C@]12O)O)=C,https://www.linkpicture.com/q/040.png,460.652,460.652,460.318.875,4.1977,-4.706,5,4,338.96,19.306,97.99,-22.573,low,high,none,none,,48.485,34.493,1.1977,1,33,5,0,5,10,5,4,0,27,1,4,4,0,3,4,0,3,4,0,0,0,0,0,0,0,0,0,0,this enantiomer,30.368,74.354,401.62,485.05
41,Pleurotellic Acid,C[C@]([C@@H]1C(C(O)=O)=C(C)C[C@@H]1C1)([C@]11O[C@@H]1C1=O)C1=C,https://www.linkpicture.com/q/041.png,260.288,260.288,26.010.486,9.586,-2.251,4,1,175.03,32.469,66.9,-23.239,none,none,none,none,oxiran/aziridine,42.105,17.653,1.019,1,19,4,0,4,5,1,4,0,11,0,5,3,2,4,5,0,2,3,0,2,2,0,0,0,0,0,0,0,this enantiomer,45.511,84.179,225.06,245.15
42,(+)- torreyol,CC(C)[C@@H](CC1)[C@H]2C=C(C)CC[C@H]2[C@@]1(C)O,https://www.linkpicture.com/q/042_1.png,222.37,222.37,222.198.365,3.5341,-3.292,1,1,182.05,71.958,20.23,-42.367,none,none,none,none,,4.375,28.703,80.135,1,16,1,0,1,4,1,2,0,14,1,2,2,0,1,2,0,1,2,0,0,0,0,0,0,0,0,0,0,this enantiomer,53.166,83.747,230.19,251.6
43,1-hidroxi-3-sterpureno,C[C@](CC1)(C[C@H]2CC3(C)C)C1=C(C)[C@@H]2[C@@H]3O,https://www.linkpicture.com/q/043.png,220.355,220.355,220.182.715,3.3007,-3.207,1,1,164.67,79.553,20.23,-20.695,none,none,none,none,,4.375,95.582,85.521,1,16,1,0,1,4,0,3,0,14,1,3,3,0,2,3,0,2,3,0,0,0,0,0,0,0,0,0,0,this enantiomer,48.476,84.199,224.46,244.24
44,Alliacol A,C[C@H](CC[C@@]1(C2=C)O)[C@]34O[C@@H]4C(C)(C)C[C@@]13OC2=O,https://www.linkpicture.com/q/044.png,264.32,264.32,26.413.616,7.494,-2.504,4,1,178.7,30.101,59.06,-86.844,none,high,none,high,oxiran/aziridine,36.842,10.307,1.0256,1,19,4,0,4,5,0,4,0,15,1,5,2,3,5,5,0,2,2,0,3,3,0,0,0,0,0,0,0,this enantiomer,54.322,84.376,232.3,257.94
45,Alliacol B,C[C@H](CCC1=C2CO)[C@]34O[C@@H]4C(C)(C)C[C@@]13OC2=O,https://www.linkpicture.com/q/045.png,264.32,264.32,26.413.616,7.387,-2.244,4,1,182.22,29.519,59.06,-11.696,none,high,none,high,oxiran/aziridine,42.105,19.047,1.2015,1,19,4,0,4,4,1,4,0,15,1,5,2,3,4,5,0,2,2,0,2,3,0,0,0,0,0,0,0,this enantiomer,45.858,82.216,238.62,258.31
46,Aurisin A,C[C@@H]([C@H]([C@H]1[C@H](C)[C@@](C)([C@H]2C(C)(C)[C@H]2C2=O)C(C3=O)=C2O)[C@](C2=O)(O)O[C@]13O)[C@@](C)([C@H]1C(C)(C)[C@H]1C1=O)C2=C1O,https://www.linkpicture.com/q/046.png,540.607,540.607,540.235.935,1.7204,-4.139,9,4,331.78,34.529,158.43,-56.383,high,high,high,high,,33.333,17.242,1.1309,1,39,9,0,9,12,0,7,0,27,2,9,8,1,5,9,0,4,8,0,1,1,0,0,0,0,0,0,0,this enantiomer,43.272,77.505,397.91,509.15
47,Aurisin K,C[C@@H]([C@H]([C@H]1[C@H](C)[C@@](C)([C@H]2C(C)(C)[C@H]2C2=O)C(C3=O)=C2O)[C@@H](C2=O)O[C@]13O)[C@@](C)([C@H]1C(C)(C)[C@H]1C1=O)C2=C1O,https://www.linkpicture.com/q/047.png,524.608,524.608,52.424.102,2.1313,-4.456,8,3,327.52,30.978,138.2,-47.172,high,high,high,high,,34.211,16.639,1.1117,1,38,8,0,8,12,0,7,0,26,2,9,8,1,5,9,0,4,8,0,1,1,0,0,0,0,0,0,0,this enantiomer,45.086,76.868,395.93,499.14
48,Colibial,CC(C)(C1)[C@H]2[C@@H]1[C@@](C)(CC1=O)[C@H]1C(C=O)=CC2,https://www.linkpicture.com/q/048.png,232.322,232.322,23.214.633,2.1345,-3.002,2,0,171.38,15.218,34.14,-28.158,none,none,none,high,,47.059,17.772,85.734,1,17,2,0,2,4,1,3,0,11,1,3,3,0,2,3,0,2,3,0,0,0,0,0,0,0,0,0,0,this enantiomer,46.266,84.651,220.43,239.61
49,Colossolactona H (Colo H),C[C@@H]([C@@H](C[C@H]1OC(C)=O)[C@@](C)(CC2)[C@]1(C)C(CC[C@]1(C(C)(C)O3)O)=C2C=C1C=CC3=O)[C@H]([C@@H](C=C1C)O)OC1=O,https://www.linkpicture.com/q/049.png,554.677,554.677,55.428.797,3.1573,-4.685,8,2,399.55,23.857,119.36,-43.425,none,none,none,none,,425,2.578,1.0459,1,40,8,0,8,8,4,5,0,26,1,5,3,2,1,5,0,1,3,0,0,2,0,0,0,0,0,0,0,this enantiomer,35.666,71.908,445.94,539.76
50,Connatus A,CC(C)(C[C@@H](CC[C@]1(CC2=O)O)[C@H](C3)[C@]1(C)C(C)=C2O)[C@@H]3O,https://www.linkpicture.com/q/050_1.png,308.416,308.416,30.819.876,2.1242,-3.186,4,3,219.29,23.868,77.76,49.614,none,none,none,none,,45.455,18.096,94.225,1,22,4,0,4,5,0,3,0,18,1,3,3,0,2,3,0,2,3,0,0,0,0,0,0,0,0,0,0,this enantiomer,65.323,84.345,260.63,306.4
51,Connatus B,CC(C)(C[C@H](C1)[C@@H]2[C@](C)([C@@H]3CO)C1=CC3=O)[C@@H]2O,https://www.linkpicture.com/q/051.png,250.337,250.337,250.156.895,1.4947,-2.388,3,2,177.04,22.164,57.53,58.631,none,none,none,none,,44.444,11.792,91.968,1,18,3,0,3,5,1,3,0,14,1,3,3,0,2,3,0,2,3,0,0,0,0,0,0,0,0,0,0,this enantiomer,50.735,84.909,230.73,257.76
52,Demethoxyegonol,OCCCc(cc1)cc2c1oc(-c(cc1)cc3c1OCO3)c2,https://www.linkpicture.com/q/052.png,296.321,296.321,29.610.486,4.26,-5.53,4,1,225.2,20.964,51.83,-6.695,none,none,high,none,,63.636,33.748,81.243,1,22,4,0,4,0,4,4,15,7,0,4,2,2,0,1,3,0,0,2,0,1,1,0,0,0,0,0,0,,2.134,71.736,287.89,278.98
53,Egonol,COc1c2oc(-c(cc3)cc4c3OCO4)cc2cc(CCCO)c1,https://www.linkpicture.com/q/053.png,326.347,326.347,326.115.425,4.19,-5.548,5,1,247.46,23.119,61.06,-65.084,none,none,high,none,,58.333,31.782,85.592,1,24,5,0,5,0,5,4,15,9,0,4,2,2,0,1,3,0,0,2,0,1,1,0,0,0,0,0,0,,23.866,70.326,313.23,307.32
54,Egonol Glucoside,COc1c2oc(-c(cc3)cc4c3OCO4)cc2cc(CCCO[C@@H]([C@@H]([C@H]2O)O)O[C@H](CO)[C@H]2O)c1,https://www.linkpicture.com/q/054.png,488.487,488.487,48.816.825,2.3529,-5.248,10,4,349.27,33.358,140.21,-75.046,none,none,high,none,,54.286,41.876,91.169,1,35,10,0,10,5,8,5,15,20,0,5,2,3,1,2,3,0,0,2,1,2,1,0,0,0,0,0,0,this enantiomer,30.958,65.632,436.65,455.46
55,Henaciclinol,CC(C)(C([C@@]1([C@H](C=C(C)C)OO[C@H]([C@H]([C@H]2O[C@@H]22)[C@@H]3O)[C@@H]1[C@H]3[C@H]13)C3=O)=C1C2=O)OC,https://www.linkpicture.com/q/055.png,402.441,402.441,402.167.855,1.3434,-2.961,7,1,264.25,32.859,94.59,-34.515,none,high,none,high,oxiran/aziridine; peroxo,34.483,2.805,1.1204,1,29,7,0,7,10,3,6,0,21,2,6,4,2,4,6,0,2,4,0,2,2,0,0,0,0,0,0,0,this enantiomer,46.427,81.391,308.13,373.26
56,hypnophilin,CC(C)(C[C@H](C[C@@]12O[C@@H]2C2=O)[C@@H]3[C@]1(C)C2=C)[C@@H]3O,https://www.linkpicture.com/q/056.png,248.321,248.321,248.141.245,1.3786,-2.694,3,1,169.53,2.583,49.83,-39.591,none,none,none,none,oxiran/aziridine,44.444,0,98.553,1,18,3,0,3,6,0,4,0,14,1,5,3,2,5,5,0,3,3,0,2,2,0,0,0,0,0,0,0,this enantiomer,4.725,85.143,225.11,249.44
57,Irofulven,C[C@@](C1(CC1)C(C)=C1C2=CC(C)=C1CO)(C2=O)O,https://www.linkpicture.com/q/057.png,246.305,246.305,246.125.595,1.594,-1.72,3,2,172.88,22.698,57.53,2.5988,none,none,none,none,,44.444,22.367,9.383,1,18,3,0,3,1,1,3,0,10,1,3,3,0,1,3,0,1,3,0,0,0,0,0,0,0,0,0,0,this enantiomer,43.879,8.044,236.98,247.43
58,Merulidial,C[C@@]1(C2)[C@@]2(C=O)C(C=O)=C(CC(C)(C)C2)[C@@H]2[C@@H]1O,https://www.linkpicture.com/q/058.png,248.321,248.321,248.141.245,1.0122,-2.53,3,1,175.64,22.307,54.37,-40.115,high,none,none,high,,44.444,30.074,92.703,1,18,3,0,3,4,2,3,0,12,1,4,4,0,2,4,0,2,4,0,0,0,0,0,0,0,0,0,0,this enantiomer,50.744,81.683,237.32,253.73
59,Montadial A,C/C(/C=O)=C\Cc1cc(C=O)cc(O)c1O,https://www.linkpicture.com/q/059.png,220.223,220.223,22.007.356,1.785,-1.995,4,2,175.77,29.743,74.6,-49.268,none,none,none,high,,625,4.823,69.203,1,16,4,0,4,0,4,1,6,4,0,1,1,0,0,0,1,0,0,1,0,0,0,0,0,0,0,0,0,,40.497,77.265,221.06,209.83
60,Nematolin,CC(C)(C[C@@H]1C(C([C@@H](/C=C(/C)\[C@H]2O)OC(C)=O)=O)=C)[C@H]1[C@@H]2O,https://www.linkpicture.com/q/060.png,308.373,308.373,308.162.375,1.8523,-2.527,5,2,227.87,27.331,83.83,-35.889,none,none,none,none,,45.455,2.736,86.049,1,22,5,0,5,5,2,2,0,14,1,1,1,0,1,1,0,1,1,0,0,0,0,0,0,0,0,0,0,this enantiomer,57.502,79.153,281.1,311.97
61,Naematolone,CC(C)(C[C@H]1C(C([C@H](/C=C(/C)\C2=O)OC(C)=O)=O)=C)[C@H]1[C@@H]2O,https://www.linkpicture.com/q/061.png,306.357,306.357,306.146.725,1.8211,-2.578,5,1,226.77,27.437,80.67,-36.472,none,none,none,none,,45.455,27.337,8.598,1,22,5,0,5,4,2,2,0,12,1,1,1,0,1,1,0,1,1,0,0,0,0,0,0,0,0,0,0,this enantiomer,53.934,78.948,279.37,307.92
62,Nambinona C,C[C@@H](C[C@H]([C@@H]1O)O)[C@@](C)([C@H]2C(C)(C)[C@@H]22)C1=CC2=O,https://www.linkpicture.com/q/062.png,250.337,250.337,250.156.895,1.5693,-2.496,3,2,174.28,22.515,57.53,-16.104,high,high,high,high,,44.444,19.409,9.255,1,18,3,0,3,6,0,3,0,14,1,4,4,0,2,4,0,2,4,0,0,0,0,0,0,0,0,0,0,this enantiomer,52.599,84.217,229.67,252.89
63,Pilatina,CCC/C=C/C(O[C@H](C(C)(C)C[C@@H]1[C@](C2)([C@@]2([C@@H](O)O2)C(C=O)=C3)C2=O)[C@]13O)=O,https://www.linkpicture.com/q/063_1.png,390.43,390.43,390.167.855,1.175,-2.933,7,2,269.41,31.669,110.13,-85.523,high,none,high,high,,0.5,24.799,1.0616,1,28,7,0,7,6,6,4,0,18,1,6,4,2,4,6,0,2,4,0,2,2,0,0,0,0,0,0,0,this enantiomer,40.372,73.159,352.31,388.91
64,Pleurotelol,C[C@](C[C@H]1C(CO)=C(C)CC[C@@H]1C1)([C@@]11O[C@@H]1C1=O)C1=O,https://www.linkpicture.com/q/064.png,276.331,276.331,27.613.616,1.0407,-2.398,4,1,193.56,2.936,66.9,-3.665,none,none,none,none,oxiran/aziridine,0.45,19.928,97.319,1,20,4,0,4,5,1,4,0,14,0,5,3,2,4,5,0,2,3,0,2,2,0,0,0,0,0,0,0,this enantiomer,36.672,79.718,252.77,268.9
65,α-cadinol,CC(C)[C@H](CC1)[C@H]2C=C(C)CC[C@@H]2[C@@]1(C)O,https://www.linkpicture.com/q/065.png,222.37,222.37,222.198.365,3.5341,-3.292,1,1,182.05,71.958,20.23,-42.367,none,none,none,none,,4.375,30.073,80.135,1,16,1,0,1,4,1,2,0,14,1,2,2,0,1,2,0,1,2,0,0,0,0,0,0,0,0,0,0,this enantiomer,49.346,83.974,229.12,250.88
66,Baicalein,Oc(cc(c1c2O)OC(c3ccccc3)=CC1=O)c2O,https://www.linkpicture.com/q/066.png,270.239,270.239,270.052.825,2.3357,-2.856,5,3,191.03,32.634,86.99,28.194,none,none,none,none,,0.55,23.316,83.396,1,20,5,0,5,0,1,3,12,4,2,3,2,1,0,1,2,0,0,2,0,1,0,0,0,0,0,0,0,,33.408,7.699,240.81,237.32
67,Fornecine A,Oc(cc(c1c2O)OC(c3ccccc3)=CC1=O)c2O,https://www.linkpicture.com/q/067.png,270.239,270.239,270.052.825,2.3357,-2.856,5,3,191.03,32.634,86.99,28.194,none,none,none,none,,0.55,23.316,83.396,1,20,5,0,5,0,1,3,12,4,2,3,2,1,0,1,2,0,0,2,0,1,0,0,0,0,0,0,0,,33.408,7.699,240.81,237.32
68,Fornecine B,OCc(c(C=O)c1O)cc(O)c1O,https://www.linkpicture.com/q/068.png,184.147,184.147,184.037.175,-415,-936,5,4,131.96,49.591,97.99,-42.546,none,none,none,none,,53.846,36.576,7.788,1,13,5,0,5,0,2,1,6,5,0,1,1,0,0,0,1,0,0,1,0,0,0,0,0,0,0,0,0,,2.459,82.482,170.71,157.07
69,Inoscavin A,CC(O[C@]12C(C(OC(/C=C/c(cc3)cc(O)c3O)=C3)=O)=C3O[C@@H]2c(cc2)cc(O)c2O)=CC1=O,https://www.linkpicture.com/q/069.png,462.409,462.409,462.095.085,1.8991,-3.6,9,4,317.43,34.174,142.75,-49.347,none,none,none,none,,0.5,19.983,1.0122,1,34,9,0,9,2,3,5,12,10,0,5,2,3,0,3,2,0,0,2,0,3,0,0,0,0,0,0,0,this enantiomer,33.061,67.845,395.64,413.42
70,"(Z,Z)-9,12-Octadecadienoic acid",CCCCC/C=C\C/C=C\CCCCCCCC(O)=O,https://www.linkpicture.com/q/070.png,280.45,280.45,28.024.023,6.4669,-4.323,2,1,267.98,97.545,37.3,-25.561,none,none,high,none,,0.95,67.901,37.701,1,20,2,0,2,0,14,0,0,14,0,0,0,0,0,0,0,0,0,0,0,0,0,0,0,0,0,0,0,,27.192,66.715,359.55,349.17
71,1-Octadecanoic acid,CCCCCCCCCCCCCCCCCC(O)=O,https://www.linkpicture.com/q/071_1.png,284.482,284.482,28.427.153,6.9713,-4.779,2,1,270.02,96.808,37.3,-25.216,high,high,none,high,,0.95,51.952,37.701,1,20,2,0,2,0,16,0,0,18,0,0,0,0,0,0,0,0,0,0,0,0,0,0,0,0,0,0,0,,17.235,65.326,372.98,357.52
72,"3,4-dihydroxy benzaldehyde",Oc(ccc(C=O)c1)c1O,https://www.linkpicture.com/q/072_2.png,138.122,138.122,138.031.695,9.015,-1.348,3,2,105.5,37.194,57.53,-41.407,high,none,none,high,,0.7,25.412,64.378,1,10,3,0,3,0,1,1,6,2,0,1,1,0,0,0,1,0,0,1,0,0,0,0,0,0,0,0,0,,3.406,85.189,140.17,122.66
73,Hericerina,Oc(ccc(C=O)c1)c1O,https://www.linkpicture.com/q/073_2.png,138.122,138.122,138.031.695,9.015,-1.348,3,2,105.5,37.194,57.53,-41.407,high,none,none,high,,0.7,25.412,64.378,1,10,3,0,3,0,1,1,6,2,0,1,1,0,0,0,1,0,0,1,0,0,0,0,0,0,0,0,0,,3.406,85.189,140.17,122.66
74,Hericerine A,Oc(ccc(C=O)c1)c1O,https://www.linkpicture.com/q/074_2.png,138.122,138.122,138.031.695,9.015,-1.348,3,2,105.5,37.194,57.53,-41.407,high,none,none,high,,0.7,25.412,64.378,1,10,3,0,3,0,1,1,6,2,0,1,1,0,0,0,1,0,0,1,0,0,0,0,0,0,0,0,0,,3.406,85.189,140.17,122.66
75,p-Hydroxybenzoic Acid,OC(c(cc1)ccc1O)=O,https://www.linkpicture.com/q/075_2.png,138.122,138.122,138.031.695,799,-1.333,3,2,103.71,37.836,57.53,-18.442,high,none,none,none,,0.7,33.711,57.807,1,10,3,0,3,0,1,1,6,2,2,1,1,0,0,0,1,0,0,1,0,0,0,0,0,0,0,0,0,,"2,07E-01",84.367,144.96,127.14
76,Protocatechuic Acid,OC(c(cc1)cc(O)c1O)=O,https://www.linkpicture.com/q/076_2.png,154.121,154.121,15.402.661,4.533,-1.037,4,3,110.06,47.556,77.76,-18.442,high,none,none,none,,63.636,31.597,68.024,1,11,4,0,4,0,1,1,6,3,0,1,1,0,0,0,1,0,0,1,0,0,0,0,0,0,0,0,0,,"1,48E-02",83.479,152.86,135.52
77,Gallic acid,OC(c(cc1O)cc(O)c1O)=O,https://www.linkpicture.com/q/077_2.png,170.12,170.12,170.021.525,1.076,-741,5,4,116.41,56.215,97.99,-18.442,high,none,high,none,,58.333,29.781,64.864,1,12,5,0,5,0,1,1,6,4,3,1,1,0,0,0,1,0,0,1,0,0,0,0,0,0,0,0,0,,"1,38E-01",8.305,158.83,142.42
78,Gentisic acid,OC(c(cc(cc1)O)c1O)=O,https://www.linkpicture.com/q/078_2.png,154.121,154.121,15.402.661,4.533,-1.037,4,3,110.06,47.556,77.76,-18.442,high,none,high,none,,54.545,28.374,72.218,1,11,4,0,4,0,1,1,6,3,0,1,1,0,0,0,1,0,0,1,0,0,0,0,0,0,0,0,0,,85.283,84.255,150.02,133.6
79,Homogentisic Acid,OC(Cc(cc(cc1)O)c1O)=O,https://www.linkpicture.com/q/079_3.png,168.148,168.148,16.804.226,4.514,-1.002,4,3,123.82,42.271,77.76,-17.208,high,none,none,none,,58.333,5.279,652,1,12,4,0,4,0,2,1,6,4,0,1,1,0,0,0,1,0,0,1,0,0,0,0,0,0,0,0,0,,48.102,8.346,166.62,154.16
80,p-Cumaric acid,OC(/C=C/c(cc1)ccc1O)=O,https://www.linkpicture.com/q/080_2.png,164.16,164.16,164.047.345,1.1282,-1.703,3,2,130.21,30.136,57.53,1.675,none,none,high,none,,0.75,41.384,50.742,1,12,3,0,3,0,2,1,6,2,2,1,1,0,0,0,1,0,0,1,0,0,0,0,0,0,0,0,0,,"9,43E-02",79.827,176.72,157.51
81,Chlorogenic Acid,O[C@H](C[C@](C[C@H]1OC(/C=C/c(cc2)cc(O)c2O)=O)(C(O)=O)O)[C@H]1O,https://www.linkpicture.com/q/081_2.png,354.31,354.31,354.095.085,-7.685,-1.496,9,6,245.29,46.753,164.75,-97.603,none,none,none,none,,0.56,37.016,81.435,1,25,9,0,9,4,5,2,6,13,0,2,2,0,1,1,1,1,1,1,0,0,0,0,0,0,0,0,0,this enantiomer,34.374,72.518,307.77,313.38
82,Trans-cinnamic Ácid,OC(/C=C/c1ccccc1)=O,https://www.linkpicture.com/q/082_1.png,148.161,148.161,14.805.243,1.4739,-1.999,2,1,123.86,21.104,37.3,1.675,none,none,none,high,,72.727,4.302,52.781,1,11,2,0,2,0,2,1,6,1,2,1,1,0,0,0,1,0,0,1,0,0,0,0,0,0,0,0,0,,"2,54E-01",80.917,168.18,149.24
83,Myrecetin - flavonoide,Oc(cc1O)cc(OC(c(cc2O)cc(O)c2O)=C2O)c1C2=O,https://www.linkpicture.com/q/083_1.png,318.236,318.236,31.803.757,1.1445,-2.195,8,6,208.29,48.797,147.68,-82.832,high,none,none,none,,47.826,3.008,85.557,1,23,8,0,8,0,1,3,12,7,3,3,2,1,0,1,2,0,0,2,0,1,0,0,0,0,0,0,0,,27.524,73.769,267.73,260.92
84,Chrysin,Oc(cc1O)cc(OC(c2ccccc2)=C2)c1C2=O,https://www.linkpicture.com/q/084_1.png,254.24,254.24,25.405.791,2.6814,-3.152,4,2,184.68,26.662,66.76,28.194,none,none,none,none,,52.632,24.066,79.548,1,19,4,0,4,0,1,3,12,3,2,3,2,1,0,1,2,0,0,2,0,1,0,0,0,0,0,0,0,,"3,46E-02",75.995,238.64,229.6
85,Naringin,C[C@@H]([C@@H]([C@H]([C@H]1O)O)O)O[C@H]1O[C@H]([C@H]1O)[C@H](Oc2cc(O[C@@H](CC3=O)c(cc4)ccc4O)c3c(O)c2)O[C@H](CO)[C@H]1O,https://www.linkpicture.com/q/085_1.png,580.537,580.537,58.017.921,-744,-2.733,14,8,388.35,43.219,225.06,64.246,none,none,none,none,,46.341,30.254,95.969,1,41,14,0,14,11,6,5,12,27,2,5,2,3,2,3,2,0,0,2,2,3,0,0,0,0,0,0,0,this enantiomer,35.155,66.063,474.61,521.86
86,L-(+)-ergothioneine,C[N+](C)(C)[C@@H](CC(N1)=CNC1=S)C([O-])=O,https://www.linkpicture.com/q/086_1.png,229.303,229.303,229.088.497,-59.624,-773,5,2,174.54,40.461,96.28,1.3381,none,none,none,none,quart. ammonium; thio-amide/urea,53.333,6.134,61.868,1,15,6,0,6,1,4,1,0,8,2,1,0,1,0,1,0,0,0,0,0,1,0,0,1,1,0,0,0,this enantiomer,47.602,81.695,217.72,222.91
87,Benzofuran-3(2H)-one,O=C1c(cccc2)c2OC1,https://www.linkpicture.com/q/087_2.png,134.134,134.134,13.403.678,1.3346,-2.164,2,0,101.27,22.751,26.3,-25.128,none,none,none,none,,0.6,0,75.684,1,10,2,0,2,0,0,2,6,2,0,2,1,1,0,1,1,0,0,1,0,1,0,0,0,0,0,0,0,,26.093,86.298,137.9,122.04
88,2-((2-carboxypropan-2-yl)oxy)-5-methoxybenzioc acid,CC(C)(C(O)=O)Oc(ccc(OC)c1)c1C(O)=O,https://www.linkpicture.com/q/088_1.png,254.237,254.237,25.407.904,8.746,-1.927,6,2,188.65,38.314,93.06,-2.676,none,none,none,none,,55.556,57.219,72.768,1,18,6,0,6,0,5,1,6,8,1,1,1,0,0,0,1,0,0,1,0,0,0,0,0,0,0,0,0,,34.194,79.314,236.85,242.03
89,"(3S,4S)-3,4-di-hydroxy-6-methoxy-2,2-dimethylchromom",CC(C)([C@H]([C@H]1O)O)Oc(cc2)c1cc2OC,https://www.linkpicture.com/q/089_1.png,224.255,224.255,22.410.486,1.202,-1.811,4,2,164.65,2.806,58.92,-19.162,none,none,none,none,,5.625,22.404,79.328,1,16,4,0,4,2,1,2,6,10,1,2,1,1,0,1,1,0,0,1,0,1,0,0,0,0,0,0,0,this enantiomer,35.748,81.585,212.44,214.51
90,"(3R,4R)-3, 4-dihydroxy-6-methoxy-2,2-dimethylchromom",CC(C)([C@@H]([C@@H]1O)O)Oc(cc2)c1cc2OC,https://www.linkpicture.com/q/090_1.png,224.255,224.255,22.410.486,1.202,-1.811,4,2,164.65,2.806,58.92,-19.162,none,none,none,none,,5.625,22.271,79.328,1,16,4,0,4,2,1,2,6,10,1,2,1,1,0,1,1,0,0,1,0,1,0,0,0,0,0,0,0,this enantiomer,36.558,81.844,211.54,214.15
91,"
(3S,4R)-3,4-dihydroxy-6-methoxy-2,2-dimethylchromom",CC(C)([C@@H]([C@H]1O)O)Oc(cc2)c1cc2OC,https://www.linkpicture.com/q/091.png,224.255,224.255,22.410.486,1.202,-1.811,4,2,164.65,2.806,58.92,-19.162,none,none,none,none,,5.625,22.351,79.328,1,16,4,0,4,2,1,2,6,10,1,2,1,1,0,1,1,0,0,1,0,1,0,0,0,0,0,0,0,this enantiomer,39.413,81.362,213.17,214.72
92,"3-hydroxy-6-methoxy-2,2-dimethylchroman-4-one",CC(C)([C@H]1O)Oc(ccc(OC)c2)c2C1=O,https://www.linkpicture.com/q/092.png,222.239,222.239,22.208.921,1.3772,-2.54,4,1,163.55,28.212,55.76,-4.038,none,none,none,none,,5.625,20.272,79.764,1,16,4,0,4,1,1,2,6,8,1,2,1,1,0,1,1,0,0,1,0,1,0,0,0,0,0,0,0,this enantiomer,34.876,8.096,210.47,209.1
93,7-desoxypanepoxydol,CC(C)=CCC([C@@H]([C@@H]1O[C@H]11)O)=C[C@H]1O,https://www.linkpicture.com/q/093.png,196.245,196.245,196.109.945,1.0802,-1.637,3,2,154.55,28.373,52.99,23.716,high,none,none,none,oxiran/aziridine,57.143,53.254,74.106,1,14,3,0,3,4,2,2,0,10,1,3,1,2,1,3,0,0,1,0,1,2,0,0,0,0,0,0,0,this enantiomer,43.956,80.452,208.96,204.89
94,Vanillic acid,COc(cc(cc1)C(O)=O)c1O,https://www.linkpicture.com/q/094.png,168.148,168.148,16.804.226,729,-1.351,4,2,125.97,39.089,66.76,-1.597,high,none,none,none,,58.333,28.648,65.854,1,12,4,0,4,0,2,1,6,4,0,1,1,0,0,0,1,0,0,1,0,0,0,0,0,0,0,0,0,,24.104,81.338,170.99,154.2
95,Cinnamic acid,OC(/C=C/c1ccccc1)=O,https://www.linkpicture.com/q/095.png,148.161,148.161,14.805.243,1.4739,-1.999,2,1,123.86,21.104,37.3,1.675,none,none,none,high,,72.727,4.302,52.781,1,11,2,0,2,0,2,1,6,1,2,1,1,0,0,0,1,0,0,1,0,0,0,0,0,0,0,0,0,,"2,54E-01",80.917,168.18,149.24
96,Syringaldehyde,COc1cc(C=O)cc(OC)c1O,https://www.linkpicture.com/q/096.png,182.174,182.174,18.205.791,1.1072,-1.68,4,1,143.67,32.115,55.76,-3.906,none,none,none,none,,53.846,19.878,68.239,1,13,4,0,4,0,3,1,6,5,4,1,1,0,0,0,1,0,0,1,0,0,0,0,0,0,0,0,0,,20.657,79.454,186.09,169.02
97,Syringic acid,COc1cc(C(O)=O)cc(OC)c1O,https://www.linkpicture.com/q/097.png,198.173,198.173,198.052.825,659,-1.369,5,2,148.23,39.965,75.99,-1.597,high,low,none,none,,0.5,25.255,64.597,1,14,5,0,5,0,3,1,6,6,4,1,1,0,0,0,1,0,0,1,0,0,0,0,0,0,0,0,0,,20.739,78.702,193.56,176.75
98,Piptolinic acid A,C[C@H](CCC([C@H](C)C(O)=O)=C)[C@@H](CC1)[C@]2(C)[C@]1(C)C1=CC[C@@H](C(C)(C)[C@@H](CC3)OC(C[C@](C)(CC(OC)=O)O)=O)[C@@]3(C)C1=C[C@@H]2OC,https://www.linkpicture.com/q/098_2.png,656.897,656.897,65.642.882,7.0889,-6.289,8,2,501.11,19.022,119.36,-69.325,none,none,none,none,,51.064,43.154,1.0469,1,47,8,0,8,10,14,4,0,35,1,4,4,0,2,4,0,2,4,0,0,0,0,0,0,0,0,0,0,this enantiomer,31.751,65.195,584.36,698.98
99,Piptolinic acid B,CC(C)C(CC[C@H]([C@@H](CC1)[C@@](C)(CC2)[C@]1(C)C(CC1)=C2[C@@](C)(CCC(O)=O)[C@@H]1C(C)=C)C(O)=O)=C,https://www.linkpicture.com/q/099.png,484.718,484.718,48.435.526,7.7986,-6.039,4,2,382.01,13.686,74.6,-22.845,none,none,none,none,,45.714,44.984,99.595,1,35,4,0,4,6,10,3,0,25,1,3,3,0,1,3,0,1,3,0,0,0,0,0,0,0,0,0,0,this enantiomer,34.221,71.533,443.66,531.4
100,Piptolinic acid C,CC(C)C(CC[C@H]([C@@H](CC1)[C@@](C)(CC2)[C@]1(C)C(CC1)=C2[C@@](C)(CCC(OC)=O)[C@@H]1C(C)=C)C(O)=O)=C,https://www.linkpicture.com/q/100_9.png,498.745,498.745,49.837.091,8.2265,-6.167,4,1,397.92,12.359,63.6,-30.312,none,none,none,none,,47.222,45.612,99.729,1,36,4,0,4,6,11,3,0,26,1,3,3,0,1,3,0,1,3,0,0,0,0,0,0,0,0,0,0,this enantiomer,33.455,70.773,456.67,546.14
101,Piptolinic acid D,C[C@]1(C2)C3=CC[C@@H](C(C)(C)C(CC4)=O)[C@@]4(C)C3=CC[C@]1(C)[C@@H]([C@@H](CCC=C(C)C)C(O)=O)C2=O,https://www.linkpicture.com/q/101_7.png,466.659,466.659,46.630.831,6.3052,-5.403,4,1,354.51,1.473,71.44,-47.396,none,none,none,none,,47.059,3.094,1.0225,1,34,4,0,4,6,5,4,0,22,2,4,4,0,2,4,0,2,4,0,0,0,0,0,0,0,0,0,0,this enantiomer,35.267,73.042,411.73,490.16
102,Piptolinic acid  E,CC(C)(/C=C/C[C@H]([C@@H]([C@@H](C1)O)[C@]2(C)[C@]1(C)C1=CC[C@@H](C(C)(C)C(CC3)=O)[C@@]3(C)C1=CC2)C(O)=O)O,https://www.linkpicture.com/q/102_3.png,484.674,484.674,484.318.875,4.9139,-4.938,5,3,360.4,18.141,94.83,-49.029,none,none,none,none,,45.714,32.713,1.0231,1,35,5,0,5,7,5,4,0,25,2,4,4,0,2,4,0,2,4,0,0,0,0,0,0,0,0,0,0,this enantiomer,32.963,73.374,418.51,505.76
103,Piptolinic acid  F,CC(C)C(CC[C@@H]([C@@H]([C@@H](C1)O)[C@@](C)(CC=C2[C@@](C)(CC[C@H](C3(C)C)O)C3=C3)[C@]1(C)[C@@H]2C3=O)C(O)=O)=C,https://www.linkpicture.com/q/103_6.png,498.701,498.701,498.334.525,5.5944,-5.28,5,3,371.24,17.611,94.83,-57.195,none,none,none,none,,44.444,34.649,1.032,1,36,5,0,5,8,6,4,0,26,2,4,4,0,2,4,0,2,4,0,0,0,0,0,0,0,0,0,0,this enantiomer,37.595,72.981,430.31,523.17
104,Piptolinic acid  G,CC(C)C(CC[C@H]([C@@H]([C@@H](C1)O)[C@@](C)(CC2)[C@]1(C)C1=C2[C@@](C)(CC[C@H](C2(C)C)O)C2=CC1=O)C(O)=O)=C,https://www.linkpicture.com/q/104_3.png,498.701,498.701,498.334.525,5.7653,-5.244,5,3,370.71,17.636,94.83,-56.792,none,none,none,none,,44.444,341,1.0251,1,36,5,0,5,7,6,4,0,26,2,4,4,0,2,4,0,2,4,0,0,0,0,0,0,0,0,0,0,this enantiomer,40.057,7.365,428.72,527.36
105,Piptolinic acid  H,CC(C)C(CC[C@H]([C@@H]([C@@H](C1)O)[C@]2(C)[C@]1(C)C1=CC=C(C(C)(C)[C@@H](CC3)O)[C@@]3(C)C1=CC2)C(O)=O)=C,https://www.linkpicture.com/q/105_7.png,482.702,482.702,48.233.961,6.1983,-5.364,4,3,365.7,14.312,77.76,-63.947,none,none,low,none,,45.714,35.337,1.0328,1,35,4,0,4,7,6,4,0,25,2,4,4,0,2,4,0,2,4,0,0,0,0,0,0,0,0,0,0,this enantiomer,33.219,73.586,422.65,515.54
106,Piptolinic acid  I,C[C@@](CC1)([C@](C)(CC=C2[C@@]3(C)CCC(O)=O)[C@H]1[C@@H](CCC=C(C)C)C(O)=O)C2=CC[C@@H]3C(C)=C,https://www.linkpicture.com/q/106_3.png,468.675,468.675,46.832.396,7.2382,-5.484,4,2,370.45,14.113,74.6,-21.25,none,none,none,none,,47.059,42.345,99.582,1,34,4,0,4,6,9,3,0,22,1,3,3,0,1,3,0,1,3,0,0,0,0,0,0,0,0,0,0,this enantiomer,36.717,70.996,435.48,511.03
107,Piptolinic acid  J,C[C@@](CC1)([C@](C)(CC=C2[C@@]3(C)CCC(O)=O)[C@H]1[C@@H](CCC=C(C)C)C(O)=O)C2=CC[C@H]3C(C)=C,https://www.linkpicture.com/q/107_3.png,468.675,468.675,46.832.396,7.2382,-5.484,4,2,370.45,14.113,74.6,-21.25,none,none,none,none,,47.059,42.503,99.582,1,34,4,0,4,6,9,3,0,22,1,3,3,0,1,3,0,1,3,0,0,0,0,0,0,0,0,0,0,this enantiomer,33.732,71.776,430.7,510.92
108,officimalonic acids A,C[C@H](C[C@@H](C(C)=C1C)OC1=O)[C@@H](CC1)[C@@](C)([C@@H](C[C@]2([C@H](C3)O)[C@@](C)(CC4)[C@@H]3C(C)(C)[C@@H]4OC(CC(O)=O)=O)O)[C@]1(C)C2=O,https://www.linkpicture.com/q/108_2.png,602.762,602.762,602.345.485,3.8824,-5.46,9,3,426.68,26.123,147.43,-10.136,none,none,none,none,,46.512,28.583,1.0349,1,43,9,0,9,11,7,5,0,33,1,5,4,1,4,5,0,4,4,0,0,1,0,0,0,0,0,0,0,this enantiomer,39.862,70.808,485.94,599.94
109,officimalonic acids B,C[C@H](C[C@@H](C(C)=C1C)OC1=O)[C@@H](CC1)[C@@](C)([C@@H](C2)O)[C@]1(C)C(C(C1)=O)=C2[C@@](C)(CC2)[C@@H]1C(C)(C)[C@@H]2OC(CC(O)=O)=O,https://www.linkpicture.com/q/109_2.png,584.747,584.747,58.433.492,4.7387,-5.542,8,2,420.34,234,127.2,-10.16,none,none,high,none,,47.619,28.415,1.0359,1,42,8,0,8,9,7,5,0,30,1,5,4,1,2,5,0,2,4,0,0,1,0,0,0,0,0,0,0,this enantiomer,33.662,70.357,481.06,585.29
110,officimalonic acids C,C[C@@H]([C@H](C)C(O1)=O)[C@@]1(C[C@@H](C)[C@H]1CC2)OC[C@]1([C@@H](C1)O)[C@]2(C)C(C(C2)=O)=C1[C@@](C)(CC1)[C@@H]2C(C)(C)[C@@H]1OC(CC(O)=O)=O,https://www.linkpicture.com/q/110_3.png,600.746,600.746,600.329.835,3.8072,-5.499,9,2,418.33,25.903,136.43,-97.061,none,none,none,none,,44.186,19.934,1.0713,1,43,9,0,9,11,4,6,0,33,1,6,4,2,4,6,0,2,4,0,2,2,0,0,0,0,0,0,0,this enantiomer,43.206,71.918,475.12,593.66
111,officimalonic acids D,C[C@H](CC([C@H](C)[C@H](C)C(O)=O)=O)[C@@H](CC1)[C@@](C)([C@@H](C2)O)[C@]1(C)C(C(C1)=O)=C2[C@@](C)(CC2)[C@@H]1C(C)(C)[C@@H]2OC(CC(OC)=O)=O,https://www.linkpicture.com/q/111_47.png,616.789,616.789,616.361.135,4.7048,-5.54,9,2,453.43,24.568,144.27,-20.444,none,none,none,high,,0.5,40.208,1.0292,1,44,9,0,9,10,11,4,0,32,1,4,4,0,2,4,0,2,4,0,0,0,0,0,0,0,0,0,0,this enantiomer,40.111,68.717,516.83,629.14
112,officimalonic acids E,C[C@H](CC([C@H](C)[C@H](C)C(O)=O)=O)[C@@H](CC1)[C@@](C)([C@@H](C2)O)[C@]1(C)C(CC1)=C2[C@@](C)(CC2)[C@@H]1C(C)(C)[C@@H]2OC(CC(OC)=O)=O,https://www.linkpicture.com/q/112_7.png,602.806,602.806,60.238.187,5.4132,-5.888,8,2,449.44,21.885,127.2,-20.575,none,none,none,high,,51.163,40.811,1.0381,1,43,8,0,8,10,11,4,0,33,1,4,4,0,2,4,0,2,4,0,0,0,0,0,0,0,0,0,0,this enantiomer,28.381,68.371,517.22,624.98
113,officimalonic acids F,C[C@H](CCC([C@H](C)C(O)=O)=C)[C@@H](CC1)[C@@](C)([C@@H](C2)O)[C@]1(C)C(C(C1)=O)=C2[C@@](C)(CC2)[C@@H]1C(C)(C)[C@@H]2OC(CC(OC)=O)=O,https://www.linkpicture.com/q/113_4.png,600.79,600.79,60.036.622,5.9604,-5.791,8,2,447.43,21.983,127.2,-19.894,none,none,none,high,,51.163,38.542,1.025,1,43,8,0,8,9,11,4,0,31,1,4,4,0,2,4,0,2,4,0,0,0,0,0,0,0,0,0,0,this enantiomer,34.483,68.508,515.64,624.03
114,officimalonic acids G,C[C@H](CC(C([C@H](C)C(O)=O)=C)=O)[C@@H](CC1)[C@@](C)([C@@H](C2)O)[C@]1(C)C(CC1)=C2[C@@](C)(CC2)[C@@H]1C(C)(C)[C@@H]2OC(CC(OC)=O)=O,https://www.linkpicture.com/q/114_4.png,600.79,600.79,60.036.622,5.6158,-5.791,8,2,447.43,21.983,127.2,-22.887,none,none,none,high,,51.163,39.525,1.0381,1,43,8,0,8,9,11,4,0,31,1,4,4,0,2,4,0,2,4,0,0,0,0,0,0,0,0,0,0,this enantiomer,30.449,68.359,512.21,615.76
115,officimalonic acids H,C[C@H](CCC([C@H](C)C(O)=O)=C)[C@@H](CC1)[C@@](C)([C@@H](C2)O)[C@]1(C)C(CC1)=C2[C@@](C)(CC2)[C@@H]1C(C)(C)[C@@H]2OC(CC(OC)=O)=O,https://www.linkpicture.com/q/115_4.png,586.807,586.807,586.386.955,6.6688,-6.139,7,2,443.44,1.924,110.13,-20.47,none,none,none,high,,52.381,39.146,1.0349,1,42,7,0,7,9,11,4,0,32,1,4,4,0,2,4,0,2,4,0,0,0,0,0,0,0,0,0,0,this enantiomer,29.757,68.529,510.24,614.55
116,Fomitopsin A,C[C@H](CC(C([C@@H](C)C(O)=O)=C)=O)[C@@H](CC1)[C@@](C)([C@@H](C2)O)[C@]1(C)C(CC1)=C2[C@@](C)(CC2)[C@@H]1C(C)(C)[C@@H]2OC(CC(O)=O)=O,https://www.linkpicture.com/q/116_3.png,586.763,586.763,58.635.057,5.1879,-5.663,8,3,431.52,23.512,138.2,-13.514,none,none,none,none,,0.5,39.224,1.0376,1,42,8,0,8,9,10,4,0,30,1,4,4,0,2,4,0,2,4,0,0,0,0,0,0,0,0,0,0,this enantiomer,35.216,69.908,490.49,596.76
117,Fomitopsina Alanostanoids,C[C@@](CCC1=C2CC[C@H](C3(C)C)[C@]1(C)CC[C@H]3O)([C@H](CC1)[C@H](CCC=C(C)C)C(O)=O)[C@]12O,https://www.linkpicture.com/q/117_4.png,458.68,458.68,45.833.961,5.9904,-5.301,4,3,346.73,15.095,77.76,-23.689,none,none,none,none,,48.485,30.691,1.0166,1,33,4,0,4,7,5,4,0,27,2,4,4,0,2,4,0,2,4,0,0,0,0,0,0,0,0,0,0,this enantiomer,32.326,74.352,404.92,490.93
118,lanostanoids 1 (58),CC(C)C(CC[C@@H]([C@@H](C[C@H]1OC(C)=O)[C@@](C)(CC2)[C@]1(C)C(CC1)=C2[C@@](C)(CC2)[C@@H]1C(C)(C)C2=O)C(O)=O)=C,https://www.linkpicture.com/q/118_4.png,526.755,526.755,526.365.825,7.2065,-6.317,5,1,400.83,15.523,80.67,-78.542,none,none,none,none,,42.105,32.982,1.0415,1,38,5,0,5,7,8,4,0,28,2,4,4,0,2,4,0,2,4,0,0,0,0,0,0,0,0,0,0,this enantiomer,3.858,71.889,462.44,569.74
119,lanostanoids 2,CC(C)C(CC[C@H]([C@@H](C[C@H]1O)[C@@](C)(CC2)[C@]1(C)C(CC1)=C2[C@]2(C)[C@@H]1C(C)(C)CCC2)C(O)=O)=C,https://www.linkpicture.com/q/119_3.png,470.735,470.735,470.375.995,7.4303,-6.255,3,2,363.18,10.805,57.53,-89.189,none,none,none,none,,44.118,34.405,1.0202,1,34,3,0,3,7,6,4,0,28,2,4,4,0,2,4,0,2,4,0,0,0,0,0,0,0,0,0,0,this enantiomer,31.732,74.148,420.94,518.34
120,lanostanoids 3,CC(C)C(CC[C@H]([C@@H](CC1)[C@@](C)(CC2)[C@]1(C)C(CC1)=C2[C@@](C)(CC2)[C@@H]1C(C)(C)[C@@H]2OC(C)=O)C(O)=O)=C,https://www.linkpicture.com/q/120_5.png,512.772,512.772,51.238.656,7.9149,-6.665,4,1,396.84,12.393,63.6,-67.819,none,none,low,none,,48.649,33.147,1.0143,1,37,4,0,4,7,8,4,0,29,2,4,4,0,2,4,0,2,4,0,0,0,0,0,0,0,0,0,0,this enantiomer,36.747,71.799,459.4,563.14
121,lanostanoids 4,CC(C)C(CC[C@@H]([C@@H](CC1)[C@@](C)(CC2)[C@]1(C)C(CC1)=C2[C@]2(C)[C@@H]1C(C)(C)CCC2)C(O)=O)=C,https://www.linkpicture.com/q/121_4.png,454.736,454.736,45.438.108,8.2824,-6.654,2,1,358.09,72.998,37.3,-99.467,none,none,none,none,,45.455,34.824,99.393,1,33,2,0,2,6,6,4,0,27,2,4,4,0,2,4,0,2,4,0,0,0,0,0,0,0,0,0,0,this enantiomer,32.735,74.471,414.74,510.2
122,lanostanoids 5,C[C@@](CC1)([C@](C)(CC2)[C@H]1[C@H](CCC=C(C)C)C(O)=O)C(CC1)=C2[C@@](C)(CC2)[C@@H]1C(C)(C)[C@H]2OC(C)=O,https://www.linkpicture.com/q/122_8.png,498.745,498.745,49.837.091,7.6299,-6.338,4,1,386.3,12.731,63.6,-29.653,none,none,high,none,,0.5,298,1.0137,1,36,4,0,4,7,7,4,0,28,2,4,4,0,2,4,0,2,4,0,0,0,0,0,0,0,0,0,0,this enantiomer,28.483,71.216,451.36,541.67
123,lanostanoids 6,C[C@@](CC1)([C@H](C[C@@H]2O)[C@H](CCC=C(C)C)C(O)=O)[C@]2(C)C(CC2)=C1[C@]1(C)[C@@H]2C(C)(C)CCC1,https://www.linkpicture.com/q/123_57.png,456.708,456.708,456.360.345,7.1453,-5.928,3,2,352.64,11.127,57.53,-51.034,none,none,high,none,,45.455,30.687,1.0196,1,33,3,0,3,7,5,4,0,27,2,4,4,0,2,4,0,2,4,0,0,0,0,0,0,0,0,0,0,this enantiomer,31.796,73.779,411.55,497.28
124,acetyl-3-oxo-sulfurenic acid (64),CC(C)[C@H](C)CC[C@@H]([C@@H](C[C@@H]1OC(C)=O)[C@@](C)(CC2)[C@]1(C)C(CC1)=C2[C@@](C)(CC2)[C@@H]1C(C)(C)C2=O)C(O)=O,https://www.linkpicture.com/q/124_2.png,528.771,528.771,528.381.475,7.1939,-6.414,5,1,402.84,15.445,80.67,-67.866,none,none,none,none,,42.105,32.319,1.0405,1,38,5,0,5,8,8,4,0,30,2,4,4,0,2,4,0,2,4,0,0,0,0,0,0,0,0,0,0,this enantiomer,33.736,71.481,464.8,569.26
125,Inonotusol A,CC(C)([C@@H](CC[C@@H]1[C@@H](C[C@@H]2O)[C@@](C)(C[C@H]3O)[C@]2(C)C(C(C2)=O)=C3[C@@](C)(CC3)[C@H]2C(C)(C)[C@@H]3O)[C@H]1O)O,https://www.linkpicture.com/q/125_3.png,504.705,504.705,50.434.509,3.397,-4.698,6,5,352.61,22.274,118.22,-1.285,none,none,none,none,,41.667,18.737,1.0469,1,36,6,0,6,11,2,5,0,32,2,5,5,0,3,5,0,3,5,0,0,0,0,0,0,0,0,0,0,this enantiomer,33.415,76.693,406.04,516.58
126,Inonotusol B,CC(C)([C@H](CC[C@@H]1[C@H](C[C@@H]2O)[C@@](C)(C[C@H]3O)[C@]2(C)C(C(C2)=O)=C3[C@@](C)(CC3)[C@H]2C(C)(C)[C@@H]3O)[C@H]1O)O,https://www.linkpicture.com/q/126_3.png,504.705,504.705,50.434.509,3.397,-4.698,6,5,352.61,22.274,118.22,-1.285,none,none,none,none,,41.667,18.777,1.0469,1,36,6,0,6,11,2,5,0,32,2,5,5,0,3,5,0,3,5,0,0,0,0,0,0,0,0,0,0,this enantiomer,36.813,77.196,402.4,514.6
127,Inonotusol C,CC(C)([C@@H](CC[C@@H]1[C@@H](CC2)[C@]3(C)[C@]2(C)C2=CC[C@@H]([C@](C)(CO)[C@H](C[C@@H]4O)O)[C@@]4(C)C2=CC3)[C@H]1O)O,https://www.linkpicture.com/q/127_18.png,488.706,488.706,488.350.175,3.7554,-4.71,5,5,350.36,18.695,101.15,-43.183,none,none,none,none,,42.857,20.885,1.0395,1,35,5,0,5,11,3,5,0,31,1,5,5,0,3,5,0,3,5,0,0,0,0,0,0,0,0,0,0,this enantiomer,30.005,7.523,407.54,504.66
128,Inonotusol D,CC(C)([C@H](CC[C@@H]1[C@H](CC2)[C@]3(C)[C@]2(C)C2=CC[C@@H]([C@](C)(CO)[C@H](C[C@@H]4O)O)[C@@]4(C)C2=CC3)[C@H]1O)O,https://www.linkpicture.com/q/128_25.png,488.706,488.706,488.350.175,3.7554,-4.71,5,5,350.36,18.695,101.15,-43.183,none,none,none,none,,42.857,20.924,1.0395,1,35,5,0,5,11,3,5,0,31,1,5,5,0,3,5,0,3,5,0,0,0,0,0,0,0,0,0,0,this enantiomer,33.629,76.282,401.26,503.42
129,Inonotusol E,CC(C)([C@H](CC[C@@H]1[C@H](CC2)[C@@](C)(C[C@H]3O)[C@]2(C)C(C(C2)=O)=C3[C@@](C)(CC3)[C@H]2C(C)(C)[C@@H]3O)[C@H]1O)O,https://www.linkpicture.com/q/129_16.png,488.706,488.706,488.350.175,4.2491,-5.097,5,4,347.52,18.831,97.99,-1.285,none,none,none,none,,42.857,18.923,1.0279,1,35,5,0,5,10,2,5,0,31,2,5,5,0,3,5,0,3,5,0,0,0,0,0,0,0,0,0,0,this enantiomer,3.748,78.167,390.94,502.17
130,Inonotusol F,C[C@@](CC1)([C@](C)(CC2)[C@H]1[C@@H](C[C@H](C(C)=C(C)C)O1)C1=O)C(CC1)=C2[C@@](C)(CC2)[C@@H]1C(C)(C)[C@H]2O,https://www.linkpicture.com/q/130_6.png,468.719,468.719,468.360.345,7.0431,-6.134,3,1,352,10.267,46.53,-49.765,none,none,high,none,,47.059,17.147,1.0172,1,34,3,0,3,8,2,5,0,28,2,5,4,1,3,5,0,2,4,0,1,1,0,0,0,0,0,0,0,this enantiomer,30.665,74.293,407.7,495.54
131,Inonotusol G,C[C@@H]([C@@H](CC(C(C)=C)=O)O)[C@@H](CC1)[C@@](C)(CC2)[C@]1(C)C(CC1)=C2[C@@](C)(CC2)[C@@H]1C(C)(C)[C@H]2O,https://www.linkpicture.com/q/131_3.png,456.708,456.708,456.360.345,6.4135,-5.873,3,2,349.42,1.123,57.53,-18.184,none,none,high,low,,48.485,32.117,1.1931,1,33,3,0,3,8,5,4,0,27,1,4,4,0,2,4,0,2,4,0,0,0,0,0,0,0,0,0,0,this enantiomer,35.079,75.392,402.19,496.27
132,spiroinonotsuoxodiol,C[C@H](CCC=C(C)C)[C@@H](CC1)[C@@](C)(CC[C@]2([C@H](C3)O)[C@@](C)(CC4)[C@@H]3C(C)(C)[C@H]4O)[C@]1(C)C2=O,https://www.linkpicture.com/q/132_2.png,458.724,458.724,458.375.995,6.8569,-6.023,3,2,351.13,11.175,57.53,-33.082,none,none,none,high,,48.485,28.275,98.054,1,33,3,0,3,9,4,4,0,29,2,4,4,0,4,4,0,4,4,0,0,0,0,0,0,0,0,0,0,this enantiomer,3.004,74.378,409.71,500.02
133,Inonotsudiol A,C[C@H](CCC=C(C)C)[C@@H](CC1)[C@@](C)(C[C@@H]2O)[C@]1(C)C(CC1)=C2[C@@](C)(CC2)[C@@H]1C(C)(C)[C@H]2O,https://www.linkpicture.com/q/133_1.png,442.725,442.725,44.238.108,7.5695,-6.054,2,2,345.89,75.747,40.46,-41.331,none,none,high,high,,0.5,2.881,98.824,1,32,2,0,2,8,4,4,0,28,2,4,4,0,2,4,0,2,4,0,0,0,0,0,0,0,0,0,0,this enantiomer,33.105,7.516,402.21,493.9
134,Inonotsuoxodiol A,C[C@H]([C@@H](CC=C(C)C)O)[C@@H](CC1)[C@@](C)(C2)[C@]1(C)C(CC[C@@H](C1(C)C)[C@]3(C)CC[C@@H]1O)=C3C2=O,https://www.linkpicture.com/q/134_2.png,456.708,456.708,456.360.345,6.6914,-5.706,3,2,349.88,11.215,57.53,-23.547,none,none,high,none,,48.485,29.521,99.474,1,33,3,0,3,8,4,4,0,27,2,4,4,0,2,4,0,2,4,0,0,0,0,0,0,0,0,0,0,this enantiomer,30.548,74.269,409.47,498.53
135,inonotusane A,CC(C)([C@H](CC[C@@H]1[C@@H](CC2)[C@@](C)(CC3)[C@]2(C)C(CC2)=C3[C@@](C)(CC3)[C@@H]2C(C)(C)[C@H]3O)[C@H]1O)O,https://www.linkpicture.com/q/135_1.png,458.724,458.724,458.375.995,5.8096,-5.844,3,3,338.44,11.612,60.69,-22.679,none,none,low,none,,45.455,18.623,1.0132,1,33,3,0,3,9,2,5,0,31,2,5,5,0,3,5,0,3,5,0,0,0,0,0,0,0,0,0,0,this enantiomer,33.716,77.077,389.68,489.32
136,Inonotusane B,CC(C)([C@@H](CC[C@@H]1[C@@H](CC2)[C@@](C)(CC3)[C@]2(C)C(CC2)=C3[C@@](C)(CC3)[C@@H]2C(C)(C)[C@H]3O)[C@H]1O)O,https://www.linkpicture.com/q/136_7.png,458.724,458.724,458.375.995,5.8096,-5.844,3,3,338.44,11.612,60.69,-22.679,none,none,low,none,,45.455,18.623,1.0132,1,33,3,0,3,9,2,5,0,31,2,5,5,0,3,5,0,3,5,0,0,0,0,0,0,0,0,0,0,this enantiomer,32.258,76.711,392.82,491.74
137,Inonotusane C,C[C@@H]([C@@H](CC1)[C@@](C)(CC2)[C@]1(C)C(CC1)=C2[C@@](C)(CC2)[C@@H]1C(C)(C)[C@H]2O)/C=C/C=O,https://www.linkpicture.com/q/137_7.png,398.628,398.628,39.831.848,5.7674,-5.497,2,1,310.09,84.298,37.3,-41.929,low,high,low,low,,51.724,20.627,99.689,1,29,2,0,2,7,3,4,0,23,1,4,4,0,2,4,0,2,4,0,0,0,0,0,0,0,0,0,0,this enantiomer,33.027,77.521,356.64,432.14
138,Inonotusic acid,CC(C)c1cc(C(C[C@@H](C(C)(C)CCC2)[C@@]22C(C)=O)=O)c2cc1,https://www.linkpicture.com/q/138_4.png,312.451,312.451,31.220.893,4.5659,-5.462,2,0,243.92,10.692,34.14,-42.891,none,none,high,none,,43.478,29.016,9.311,1,23,2,0,2,2,2,3,6,13,2,3,3,0,1,2,1,1,2,1,0,0,0,0,0,0,0,0,0,this enantiomer,54.287,79.394,293.04,333.59
139,inonotsuoxide A,C[C@@H]([C@@H](CC1)[C@@](C)(CC2)[C@]1(C)C(CC1)=C2[C@@](C)(CC2)[C@@H]1C(C)(C)[C@H]2O)[C@@H](C1)OC(C)(C)[C@H]1O,https://www.linkpicture.com/q/139_4.png,458.724,458.724,458.375.995,5.9139,-5.95,3,2,340.59,10.629,49.69,-39.986,none,none,low,none,,45.455,21.188,1.1989,1,33,3,0,3,9,2,5,0,31,2,5,4,1,3,5,0,2,4,0,1,1,0,0,0,0,0,0,0,this enantiomer,33.018,76.227,395.74,492.48
140,inonotsuoxide B,C[C@@H]([C@@H](CC1)[C@@](C)(CC2)[C@]1(C)C(CC1)=C2[C@@](C)(CC2)[C@@H]1C(C)(C)[C@H]2O)[C@H](C1)OC(C)(C)[C@H]1O,https://www.linkpicture.com/q/140_4.png,458.724,458.724,458.375.995,5.9139,-5.95,3,2,340.59,10.629,49.69,-39.986,none,none,low,none,,45.455,21.992,1.1989,1,33,3,0,3,9,2,5,0,31,2,5,4,1,3,5,0,2,4,0,1,1,0,0,0,0,0,0,0,this enantiomer,30.242,762,394.33,489.62
141,Caffeic acid - fenólico,OC(/C=C/c(cc1)cc(O)c1O)=O,https://www.linkpicture.com/q/141_2.png,180.159,180.159,18.004.226,7.825,-1.407,4,3,136.56,38.327,77.76,1.675,high,high,high,none,,69.231,39.892,61.059,1,13,4,0,4,0,2,1,6,3,0,1,1,0,0,0,1,0,0,1,0,0,0,0,0,0,0,0,0,,"7,97E-02",79.288,183.66,165.19
142,betulin,CC(C)([C@H](CC1)[C@](C)(CC2)[C@@H](CC3)[C@]1(C)[C@@]1(C)[C@H]3[C@@H]([C@@H](CC3)C(C)=C)[C@@]3(CO)CC1)[C@H]2O,https://www.linkpicture.com/q/142_2.png,442.725,442.725,44.238.108,6.7202,-6.296,2,2,333.42,7.858,40.46,-23.933,none,none,none,none,,40.625,21.459,1.1935,1,32,2,0,2,10,2,5,0,30,1,5,5,0,5,5,0,5,5,0,0,0,0,0,0,0,0,0,0,this enantiomer,40.917,78.741,373.62,474.34
143,betulinic acid,CC(C)([C@H](CC1)[C@](C)(CC2)[C@@H](CC3)[C@]1(C)[C@](C)(CC1)[C@H]3[C@@H]([C@@H](CC3)C(C)=C)[C@@]13C(O)=O)[C@H]2O,https://www.linkpicture.com/q/143.png,456.708,456.708,456.360.345,6.3706,-6.278,3,2,337.41,1.163,57.53,-21.49,none,none,none,none,,39.394,22.834,1.1938,1,33,3,0,3,10,2,5,0,29,1,5,5,0,5,5,0,5,5,0,0,0,0,0,0,0,0,0,0,this enantiomer,41.579,7.874,375.29,477.54
144,chagabusone A,C[C@@](CC1)([C@](C)(CC2)[C@H]1[C@H](CCC(C(C)=C)=O)C(O)=O)C(CC1)=C2[C@@](C)(CC2)[C@@H]1C(C)(C)[C@H]2O,https://www.linkpicture.com/q/144_1.png,470.691,470.691,47.033.961,6.159,-5.747,4,2,356.17,14.678,74.6,-19.786,none,none,high,low,,47.059,32.618,1.1954,1,34,4,0,4,7,6,4,0,26,1,4,4,0,2,4,0,2,4,0,0,0,0,0,0,0,0,0,0,this enantiomer,33.537,74.444,410.3,501.77
145,Fomeffic acid,C[C@H]([C@H](C[C@@H](C1(C)C)[C@]2(C)CC[C@H]1O)O)[C@@H]2C(O)=O,https://www.linkpicture.com/q/145_3.png,270.367,270.367,27.018.311,1.4718,-2.607,4,3,196.94,26.577,77.76,-40.662,none,none,none,none,,42.105,2.495,86.725,1,19,4,0,4,6,1,2,0,17,1,2,2,0,2,2,0,2,2,0,0,0,0,0,0,0,0,0,0,this enantiomer,54.141,85.627,236.09,270.21
146,lactone fomefficinin,CCO[C@](C[C@H]([C@@]12[C@H](C3)[C@H](C)C[C@]([C@H]([C@@H]4C)O)(OC4=O)OCC2)O)([C@@H](CC2)[C@]1(C)C3=C)[C@@](C)(CC1)[C@@H]2C(C)(C)[C@@H]1OC(CC(O)=O)=O,https://www.linkpicture.com/q/146_3.png,660.842,660.842,66.038.735,4.3473,-5.899,10,3,467.19,25.347,148.82,-15.929,none,none,none,none,,42.553,23.949,1.1053,1,47,10,0,10,13,6,6,0,39,1,5,4,1,5,5,0,4,4,0,1,1,0,0,0,0,0,0,0,this enantiomer,36.713,71.923,505.1,650.8
147,chlorinated coumarins 1,O=C1Oc(ccc(Cl)c2)c2C(c2ccccc2)=C1,https://www.linkpicture.com/q/147_6.png,256.687,256.687,256.029.107,3.6015,-4.311,2,0,187.4,12.295,26.3,-26.197,none,none,high,none,,0.5,29.095,80.649,1,18,3,0,3,0,1,3,12,1,2,3,2,1,0,1,2,0,0,2,0,1,0,0,0,0,0,0,0,,20.894,7.709,232.69,225.86
148,chlorinated coumarins 2,CCOC(C1=C(c2ccccc2)c(cc(cc2)Cl)c2OC1=O)=O,https://www.linkpicture.com/q/148_4.png,328.75,328.75,328.050.237,3.5996,-4.338,4,0,239.38,1.925,52.6,-15.668,none,none,high,none,twice activated DB,43.478,32.898,90.011,1,23,5,0,5,0,4,3,12,4,2,3,2,1,0,1,2,0,0,2,0,1,0,0,0,0,0,0,0,,3.445,74.401,291.13,299.6
149,phellinuin J,C[C@@H](C[C@H](C[C@@]1(C)C2)[C@@]22O)C3(CC3)[C@@]2(C)OC1=O,https://www.linkpicture.com/q/149_5.png,250.337,250.337,250.156.895,1.593,-2.962,3,1,165.82,21.795,46.53,44.575,none,none,none,high,,38.889,22.071,95.387,1,18,3,0,3,5,0,4,0,16,1,5,3,2,5,5,0,3,3,0,2,2,0,0,0,0,0,0,0,this enantiomer,62.428,86.973,217.3,244.25
150,sulphureuine A,C[C@H]1C2(CC2)C(C)=C(C[C@](C)(C2)C(O)=O)[C@@H]2C1,https://www.linkpicture.com/q/150_5.png,234.338,234.338,23.416.198,2.8765,-3.081,2,1,171.42,15.249,37.3,-6.275,none,none,none,none,,47.059,28.342,84.479,1,17,2,0,2,3,1,3,0,13,1,3,3,0,2,3,0,2,3,0,0,0,0,0,0,0,0,0,0,this enantiomer,54.624,83.034,231.88,251.14
151,Grifolin,CC(C)=CCC/C(/C)=C/CC/C(/C)=C/Cc(c(O)cc(C)c1)c1O,https://www.linkpicture.com/q/151_7.png,328.494,328.494,32.824.023,7.6782,-4.259,2,2,290.19,90.286,40.46,-33.766,none,none,none,none,,70.833,61.667,69.203,1,24,2,0,2,0,8,1,6,12,4,1,1,0,0,0,1,0,0,1,0,0,0,0,0,0,0,0,0,,31.819,67.397,381.12,386.82
152,Neogrifolin,CC(C)=CCC/C(/C)=C/CC/C(/C)=C/Cc(c(C)cc(O)c1)c1O,https://www.linkpicture.com/q/152_3.png,328.494,328.494,32.824.023,7.6782,-4.259,2,2,290.19,90.286,40.46,-33.766,none,none,none,none,,70.833,61.667,69.969,1,24,2,0,2,0,8,1,6,12,1,1,1,0,0,0,1,0,0,1,0,0,0,0,0,0,0,0,0,,31.578,67.392,383.39,390.39
153,Confluentin,C[C@@](CC/C=C(\C)/CCC=C(C)C)(C=C1)Oc2c1c(O)cc(C)c2,https://www.linkpicture.com/q/153_5.png,326.478,326.478,32.622.458,7.0281,-4.875,2,1,278.78,82.861,29.46,-11.544,none,none,high,none,,625,59.129,79.273,1,24,2,0,2,1,6,2,6,12,1,2,1,1,0,1,1,0,0,1,0,1,0,0,0,0,0,0,0,this enantiomer,34.421,68.611,363.68,370.5
154,"3,11-Dioxolanosta-8,24(Z)-diene-26-oic acid",C[C@H](CC/C=C(/C)\C(O)=O)[C@@H](CC1)[C@@](C)(C2)[C@]1(C)C(CC[C@@H](C(C)(C)C(CC1)=O)[C@@]11O)=C1C2=O,https://www.linkpicture.com/q/154_3.png,470.647,470.647,470.303.225,5.4257,-5.004,5,2,349.62,18.683,91.67,-29.262,none,none,none,none,,0.5,33.274,99.808,1,34,5,0,5,6,5,4,0,24,1,4,4,0,2,4,0,2,4,0,0,0,0,0,0,0,0,0,0,this enantiomer,32.428,73.104,411.54,490.49
155,"2-Chloro-1,3-dimethoxy-5-methyl benzene (chlorinated orcinol derivatives)",Cc(cc1OC)cc(OC)c1Cl,https://www.linkpicture.com/q/155_2.png,186.637,186.637,186.044.757,2.4695,-2.732,2,0,145.46,13.749,18.46,-19.264,none,none,none,none,,58.333,37.094,652,1,12,3,0,3,0,2,1,6,5,4,1,1,0,0,0,1,0,0,1,0,0,0,0,0,0,0,0,0,,20.567,79.536,190.68,175.57
156,"4-Chloro-3,5-dimethoxybenzoic acid",COc1cc(C(O)=O)cc(OC)c1Cl,https://www.linkpicture.com/q/156_3.png,216.619,216.619,216.018.937,1.6107,-2.401,4,1,157.3,29.332,55.76,-1.449,none,low,none,none,,0.5,25.255,6.593,1,14,5,0,5,0,3,1,6,5,4,1,1,0,0,0,1,0,0,1,0,0,0,0,0,0,0,0,0,,20.696,78.199,201.55,186.02
157,5-Hydroxy-6-(1-hydroxyethyl)isobenzofuran-1(3H)-one,CC(c1cc(C(OC2)=O)c2cc1O)O,https://www.linkpicture.com/q/157_4.png,194.185,194.185,19.405.791,575,-1.653,4,2,138.73,35.493,66.76,-23.239,none,none,low,none,,0.5,12.319,76.921,1,14,4,0,4,1,1,2,6,6,0,2,1,1,0,1,1,0,0,1,0,1,0,0,0,0,0,0,0,racemate,41.755,81.638,185.9,175.76
158,Erinacine,CC(C)C(CC1)=C2[C@@]1(C)CC[C@@](C)([C@@H]([C@@H]1[C@]3([C@@H]4O)O)O[C@@H]3OC[C@]43O)[C@@H]2CC=C1[C@@H]3O,https://www.linkpicture.com/q/158_3.png,432.555,432.555,43.225.119,1.8313,-3.353,6,4,286.27,25.291,99.38,-55.516,none,none,none,high,,35.484,22.194,1.0834,1,31,6,0,6,10,1,6,0,27,1,6,4,2,4,6,0,2,4,0,2,2,0,0,0,0,0,0,0,this enantiomer,44.298,7.815,352.89,430.55
159,Pentadecanoic acid,CCCCCCCCCCCCCCC(O)=O,https://www.linkpicture.com/q/159_4.png,242.401,242.401,24.222.458,5.6081,-3.969,2,1,228.74,11.428,37.3,-25.216,none,none,none,none,,94.118,52.666,34.256,1,17,2,0,2,0,13,0,0,15,0,0,0,0,0,0,0,0,0,0,0,0,0,0,0,0,0,0,0,,22.954,68.654,316.57,301.18
160,Hexadecanoic acid,CCCCCCCCCCCCCCCC(O)=O,https://www.linkpicture.com/q/160_6.png,256.428,256.428,25.624.023,6.0625,-4.239,2,1,242.5,10.779,37.3,-25.216,none,high,none,high,,94.444,52.382,35.499,1,18,2,0,2,0,14,0,0,16,0,0,0,0,0,0,0,0,0,0,0,0,0,0,0,0,0,0,0,,18.549,67.464,335.42,319.97
161,Octadecadienoic acid,CCCCCCCCCCCCC/C=C/C=C/C(O)=O,https://www.linkpicture.com/q/161_4.png,280.45,280.45,28.024.023,6.4669,-4.323,2,1,267.98,97.545,37.3,-21.725,none,none,none,none,,0.95,49.089,37.701,1,20,2,0,2,0,14,0,0,14,0,0,0,0,0,0,0,0,0,0,0,0,0,0,0,0,0,0,0,,16.929,64.886,366.93,345.34
162,"Orellanine (3,30
,4,40
-tetrahydroxy-2,20
-bipyridine-1,10
-dioxide",OC(C(C=C1)=O)=C(C(N(C=CC2=O)O)=C2O)N1O,https://www.linkpicture.com/q/162_4.png,252.182,252.182,252.038.238,-2.957,-1.396,8,4,166.84,51.295,121.54,1.6434,none,none,none,none,,44.444,42.842,86.391,1,18,8,0,8,0,1,2,0,6,9,2,0,2,0,2,0,0,0,0,0,2,0,0,0,0,0,0,0,,47.328,8.543,192.57,198.36
163,Ramariolide A,CCCCCCCCCC[C@@H]([C@@H]1O[C@@]1(C=C1)OC1=O)O,https://www.linkpicture.com/q/163_2.png,282.378,282.378,28.218.311,3.1847,-3.459,4,1,236.26,22.767,59.06,-20.435,high,low,none,high,oxiran/aziridine,0.8,51.099,74.806,1,20,4,0,4,3,10,2,0,16,0,2,0,2,1,2,0,0,0,0,1,2,0,0,0,0,0,0,0,this enantiomer,22.209,69.131,321.02,310.75
164,2-Aminoquinoline,Nc1nc2ccccc2cc1,https://www.linkpicture.com/q/164_1.png,144.177,144.177,144.068.748,1.6497,-2.923,2,1,115.14,2.279,38.91,-19.084,high,none,none,none,,63.636,0,652,1,11,2,0,2,0,0,2,10,0,0,2,1,1,0,0,2,0,0,1,0,0,1,0,1,0,1,1,1,,"4,10E+00",84.611,153.89,139.68
165,Urnucratin A,Oc(ccc1c2[C@H]([C@H]3O[C@H]33)O[C@@]1(C=C1)c4cccc(O)c4C1=O)c2C3=O,https://www.linkpicture.com/q/165_1.png,348.309,348.309,34.806.339,1.1274,-3.699,6,2,229.28,34.861,96.36,1.2186,low,none,none,high,oxiran/aziridine,38.462,12.306,1.0575,1,26,6,0,6,4,0,6,12,8,0,7,4,3,3,5,2,1,2,2,2,3,0,0,0,0,0,0,0,this enantiomer,5.861,77.799,275.37,294.79
166,Urnucratin B,COc(cccc1[C@]2(C=C3)O[C@@H]([C@H]4O[C@H]44)c5c2ccc(O)c5C4=O)c1C3=O,https://www.linkpicture.com/q/166_1.png,362.336,362.336,36.207.904,1.4031,-4.013,6,1,245.19,31.335,85.36,1.3185,low,none,none,high,oxiran/aziridine,40.741,12.282,1.0611,1,27,6,0,6,4,1,6,12,9,0,7,4,3,3,5,2,1,2,2,2,3,0,0,0,0,0,0,0,this enantiomer,44.896,75.189,297.15,313.95
167,Urnucratin C,COc(cccc1[C@]2(C=C3)O[C@@H]([C@H]4O[C@H]44)c5c2ccc(O)c5[C@@H]4O)c1C3=O,https://www.linkpicture.com/q/167_1.png,364.352,364.352,36.409.469,1.2279,-3.284,6,2,246.29,31.219,88.52,1.2324,high,none,low,high,oxiran/aziridine,40.741,12.967,1.0611,1,27,6,0,6,5,1,6,12,11,0,7,4,3,3,5,2,1,2,2,2,3,0,0,0,0,0,0,0,this enantiomer,4.213,75.127,301.2,319.98
168,"3-Oxo-24-methyl-5α-lanost-8,25-dien-21-oic acid",C[C@@](CC1)([C@@](C)(CC2)[C@@H]1[C@H](CCC=C(C)C)C(O)=O)C(CC1)=C2[C@](C)(CC2)[C@@H]1C(C)(C)C2=O,https://www.linkpicture.com/q/168_2.png,454.692,454.692,454.344.695,7.289,-5.979,3,1,351.54,11.145,54.37,-52.076,none,none,high,none,,48.485,31.527,1.2006,1,33,3,0,3,6,5,4,0,25,2,4,4,0,2,4,0,2,4,0,0,0,0,0,0,0,0,0,0,this enantiomer,34.674,74.176,408.49,495.66
169,Pinicolic acid,C[C@@](C1)([C@](C)(CC2)[C@@H]([C@@H](CCC=C(C)C)C(O)=O)C1=O)C(CC1)=C2[C@@](C)(CC2)[C@@H]1C(C)(C)C2=O,https://www.linkpicture.com/q/169_1.png,468.675,468.675,46.832.396,6.5806,-5.631,4,1,355.53,14.688,71.44,-50.772,none,none,high,none,,47.059,31.129,1.0223,1,34,4,0,4,6,5,4,0,24,2,4,4,0,2,4,0,2,4,0,0,0,0,0,0,0,0,0,0,this enantiomer,33.747,74.078,410.53,498.36
170,Polyporenic acid,CC(C)C(CC[C@H]([C@@H]([C@@H](C1)O)[C@]2(C)[C@]1(C)C1=CC[C@@H](C(C)(C)C(CC3)=O)[C@@]3(C)C1=CC2)C(O)=O)=C,https://www.linkpicture.com/q/170_2.png,482.702,482.702,48.233.961,6.4465,-5.679,4,2,366.15,14.278,74.6,-81.851,none,none,none,none,,45.714,35.103,1.0241,1,35,4,0,4,7,6,4,0,25,2,4,4,0,2,4,0,2,4,0,0,0,0,0,0,0,0,0,0,this enantiomer,3.268,7.323,424.51,515.17
171,"22E-5α-Ergost-7,9(11),22-trien-3β-ol",CC(C)C(CC[C@H]([C@@H]([C@@H](C1)O)[C@@](C)(CC2)[C@]1(C)C(CC1)=C2[C@@](C)(CC2)[C@H]1C(C)(C)C2=O)C(O)=O)=C,https://www.linkpicture.com/q/171_2.png,484.718,484.718,48.435.526,6.7219,-5.907,4,2,367.17,14.239,74.6,-85.706,none,none,none,none,,45.714,35.041,1.0239,1,35,4,0,4,7,6,4,0,27,2,4,4,0,2,4,0,2,4,0,0,0,0,0,0,0,0,0,0,this enantiomer,30.015,73.348,428.13,523.03
172,Panepoxydone,CC(C)=C[C@@H](C(C([C@H]1O[C@H]11)=O)=C[C@H]1O)O,https://www.linkpicture.com/q/172_3.png,210.228,210.228,21.008.921,2.021,-1.289,4,2,158.54,35.884,70.06,1.0143,high,none,none,none,oxiran/aziridine,53.333,33.169,78.763,1,15,4,0,4,4,2,2,0,9,1,3,1,2,1,3,0,0,1,0,1,2,0,0,0,0,0,0,0,this enantiomer,49.208,815,209.49,209.6
173,2-Aminophenoxazin-3-one,NC1=CC2=Nc(cccc3)c3OC2=CC1=O,https://www.linkpicture.com/q/173_2.png,212.208,212.208,212.058.578,4.894,-2.525,4,1,154.92,32.159,64.68,-15,high,none,none,none,,5.625,11.361,78.935,1,16,4,0,4,0,0,3,6,1,0,3,2,1,0,2,1,0,1,1,0,1,0,0,0,0,0,0,0,,90.489,79.642,199.2,187.85
174,"putrescine-1,4-
dicinnamide",O=C(/C=C/c1ccccc1)NCCCCNC(/C=C/c1ccccc1)=O,https://www.linkpicture.com/q/174_2.png,348.445,348.445,348.183.778,3.5994,-4.138,4,2,299.48,16.362,58.2,-20.111,none,none,none,none,,76.923,48.021,55.597,1,26,4,0,4,0,9,2,12,4,15,2,2,0,0,0,2,0,0,2,0,0,0,2,0,0,0,0,0,,2.202,64.893,385.73,372.26
175,Iludin S,C[C@](CO)([C@@H](C1=C(C)C2(CC2)[C@@]2(C)O)O)C=C1C2=O,https://www.linkpicture.com/q/175_2.png,264.32,264.32,26.413.616,7.377,-1.638,4,3,179.22,29.204,77.76,-6.639,none,none,none,none,,42.105,21.863,94.029,1,19,4,0,4,3,1,3,0,13,1,3,3,0,1,3,0,1,3,0,0,0,0,0,0,0,0,0,0,this enantiomer,51.413,812,246.33,265.94
176,Illudin M,CC(C)([C@@H](C1=C(C)C2(CC2)[C@@]2(C)O)O)C=C1C2=O,https://www.linkpicture.com/q/176_3.png,248.321,248.321,248.141.245,1.6644,-2.145,3,2,171.37,22.898,57.53,1.4572,none,none,none,none,,38.889,13.786,92.659,1,18,3,0,3,2,0,3,0,12,2,3,3,0,1,3,0,1,3,0,0,0,0,0,0,0,0,0,0,this enantiomer,50.055,81.878,237.01,254.14
177,Ergosterol,CC(C)[C@@H](C)/C=C/[C@@H](C)[C@@H](CC1)[C@]2(C)[C@@H]1C1=CC=C(C[C@H](CC3)O)[C@@]3(C)[C@H]1CC2,https://www.linkpicture.com/q/177_2.png,396.656,396.656,396.339.215,7.0441,-5.907,1,1,319.97,40.941,20.23,-11.756,none,none,none,none,,55.172,30.848,93.607,1,29,1,0,1,8,4,4,0,23,1,4,4,0,3,4,0,3,4,0,0,0,0,0,0,0,0,0,0,this enantiomer,33.834,74.242,381.7,448.4
178,"Ergosta-4,6,8(14),22-tetraen-3-one",CC(C)[C@@H](C)/C=C/[C@@H](C)[C@@H](CC1)[C@@](C)(CC[C@@H]2[C@@]3(C)CC4)C1=C2C=CC3=CC4=O,https://www.linkpicture.com/q/178_2.png,392.625,392.625,392.307.915,7.0833,-5.694,1,0,317.32,41.094,17.07,-10.256,none,none,none,none,,55.172,32.341,95.777,1,29,1,0,1,6,4,4,0,19,1,4,4,0,1,4,0,1,4,0,0,0,0,0,0,0,0,0,0,this enantiomer,31.554,73.637,379.47,439.07
179,Lucidenic acid O,C[C@@](C1)([C@H](C[C@@H]2O)C(CCC(O)=O)=C)[C@]2(C)C([C@H](C[C@@H]([C@]2(C)CO)[C@]3(C)CC[C@@H]2O)O)=C3C1=O,https://www.linkpicture.com/q/179_2.png,476.608,476.608,476.277.405,2.7456,-3.742,7,5,335.68,27.282,135.29,-54.771,none,none,low,none,,44.118,32.965,1.0478,1,34,7,0,7,9,5,4,0,26,0,4,4,0,2,4,0,2,4,0,0,0,0,0,0,0,0,0,0,this enantiomer,35.391,75.907,386.49,472.36
180,Lactone Lucidênica,C[C@@](C1)([C@H](C[C@@H]2O)[C@@](CO)(CC3)OC3=O)[C@]2(C)C([C@H](C[C@@H](C2(C)C)[C@@]3(C)CC[C@@H]2O)O)=C3C1=O,https://www.linkpicture.com/q/180_3.png,476.608,476.608,476.277.405,1.8631,-3.87,7,4,325.75,27.162,124.29,-67.877,none,none,none,none,,41.176,16.343,1.0695,1,34,7,0,7,9,2,5,0,28,1,5,4,1,3,5,0,2,4,0,1,1,0,0,0,0,0,0,0,this enantiomer,4.511,80.311,358.83,459.87
181,Cerevisterol,CC(C)[C@@H](C)/C=C/[C@@H](C)[C@@H](CC1)[C@@](C)(CC[C@@H]2[C@@](C)(CC[C@@H](C3)O)[C@@]33O)[C@@H]1C2=C[C@H]3O,https://www.linkpicture.com/q/181_2.png,430.67,430.67,430.344.695,5.4731,-5.322,3,3,330.87,11.878,60.69,-28.461,none,none,none,none,,51.613,29.747,97.874,1,31,3,0,3,10,4,4,0,27,1,4,4,0,3,4,0,3,4,0,0,0,0,0,0,0,0,0,0,this enantiomer,30.817,74.242,392.88,468.27
182,Lucidumol A,C[C@H](CC[C@@H](C(C)(C)O)O)[C@@H](CC1)[C@@](C)(CC2)[C@]1(C)C(C(C1)=O)=C2[C@@](C)(CC2)[C@@H]1C(C)(C)C2=O,https://www.linkpicture.com/q/182_4.png,472.707,472.707,47.235.526,5.8397,-5.571,4,2,354.59,14.744,74.6,-38.493,none,none,none,none,,47.059,31.079,98.452,1,34,4,0,4,7,5,4,0,28,2,4,4,0,2,4,0,2,4,0,0,0,0,0,0,0,0,0,0,this enantiomer,3.103,73.739,417.83,508.37
183,Cycloepoxydon,CCC[C@H]1OCC(C([C@@H]2O[C@@H]2[C@H]2O)=O)=C2[C@@H]1O,https://www.linkpicture.com/q/183_2.png,240.254,240.254,240.099.775,-4.451,-1.362,5,2,170.06,39.333,79.29,-57.028,high,none,none,none,oxiran/aziridine,52.941,2.298,90.297,1,17,5,0,5,5,2,3,0,13,0,4,1,3,1,4,0,0,1,0,1,3,0,0,0,0,0,0,0,this enantiomer,57.159,81.906,219.45,226.47
184,Lucidumol B,C[C@H](CC[C@@H](C(C)(C)O)O)[C@@H](CC1)[C@]2(C)[C@]1(C)C1=CC[C@@H](C(C)(C)[C@H](CC3)O)[C@@]3(C)C1=CC2,https://www.linkpicture.com/q/184_2.png,458.724,458.724,458.375.995,6.129,-5.64,3,3,350.68,11.207,60.69,-30.276,none,none,none,none,,48.485,31.916,99.966,1,33,3,0,3,8,5,4,0,29,2,4,4,0,2,4,0,2,4,0,0,0,0,0,0,0,0,0,0,this enantiomer,31.114,74.097,411.23,499.98
185,Ganoderiol F,C[C@H](CCC=C(CO)CO)[C@@H](CC1)[C@]2(C)[C@]1(C)C1=CC[C@@H](C(C)(C)C(CC3)=O)[C@@]3(C)C1=CC2,https://www.linkpicture.com/q/185_2.png,454.692,454.692,454.344.695,6.4365,-5.262,3,2,354.38,11.073,57.53,-55.305,none,none,none,none,,51.515,34.546,98.466,1,33,3,0,3,6,6,4,0,25,3,4,4,0,2,4,0,2,4,0,0,0,0,0,0,0,0,0,0,this enantiomer,31.105,72.103,418.17,492.16
186,Ganodermanondiol,C[C@H](CC[C@@H](C(C)(C)O)O)[C@@H](CC1)[C@]2(C)[C@]1(C)C1=CC[C@@H](C(C)(C)C(CC3)=O)[C@@]3(C)C1=CC2,https://www.linkpicture.com/q/186_2.png,456.708,456.708,456.360.345,6.2727,-5.691,3,2,349.58,11.225,57.53,-38.112,none,none,none,none,,48.485,32.119,98.654,1,33,3,0,3,7,5,4,0,27,2,4,4,0,2,4,0,2,4,0,0,0,0,0,0,0,0,0,0,this enantiomer,30.572,73.986,410.63,497.77
187,Ganodermanontriol,C[C@H](CC[C@@H]([C@@](C)(CO)O)O)[C@@H](CC1)[C@]2(C)[C@]1(C)C1=CC[C@@H](C(C)(C)C(CC3)=O)[C@@]3(C)C1=CC2,https://www.linkpicture.com/q/187_2.png,472.707,472.707,47.235.526,5.346,-5.184,4,3,357.43,14.643,77.76,-56.474,none,none,none,none,,0.5,34.355,98.824,1,34,4,0,4,8,6,4,0,28,1,4,4,0,2,4,0,2,4,0,0,0,0,0,0,0,0,0,0,this enantiomer,29.225,73.609,417.45,506.31
188,Ganoderic acid A,C[C@H](CC(C[C@@H](C)C(O)=O)=O)[C@@H](C[C@@H]1O)[C@@](C)(C2)[C@]1(C)C([C@H](C[C@@H](C1(C)C)[C@]3(C)CCC1=O)O)=C3C2=O,https://www.linkpicture.com/q/188_1.png,516.672,516.672,516.308.705,3.6875,-4.749,7,3,371.25,24.636,128.97,-40.746,none,none,none,none,,45.946,37.317,1.0365,1,37,7,0,7,9,6,4,0,27,1,4,4,0,2,4,0,2,4,0,0,0,0,0,0,0,0,0,0,this enantiomer,34.082,73.526,424.79,518.83
189,Ganoderic acid  F,C[C@H](CC(C[C@@H](C)C(O)=O)=O)[C@@H](CC1=O)[C@@](C)([C@@H]2OC(C)=O)[C@]1(C)C(C(C[C@@H](C1(C)C)[C@]3(C)CCC1=O)=O)=C3C2=O,https://www.linkpicture.com/q/189_1.png,570.676,570.676,570.282.885,3.6074,-4.862,9,1,407.8,28.048,148.95,-39.083,none,none,none,none,,41.463,34.747,1.0637,1,41,9,0,9,8,8,4,0,25,1,4,4,0,2,4,0,2,4,0,0,0,0,0,0,0,0,0,0,this enantiomer,3.565,71.264,459.94,557.81
190,Ganoderic Acid H,C[C@H](CC(C[C@@H](C)C(O)=O)=O)[C@@H](CC1=O)[C@@](C)([C@@H]2OC(C)=O)[C@]1(C)C(C(C[C@@H](C1(C)C)[C@]3(C)CC[C@@H]1O)=O)=C3C2=O,https://www.linkpicture.com/q/190.png,572.692,572.692,572.298.535,3.4637,-4.811,9,2,408.9,27.987,152.11,-16.889,none,none,none,none,,41.463,3.456,1.0652,1,41,9,0,9,9,8,4,0,27,1,4,4,0,2,4,0,2,4,0,0,0,0,0,0,0,0,0,0,this enantiomer,33.043,71.788,459.13,562.45
191,Ganoderic Acid W,C[C@H](CC/C=C(\C)/C(O)=O)[C@@H](C[C@@H]1OC(C)=O)[C@@](C)(CC2)[C@]1(C)C([C@@H](C1)O)=C2[C@@](C)(CC2)[C@H]1C(C)(C)[C@@H]2OC(C)=O,https://www.linkpicture.com/q/191.png,572.78,572.78,572.371.305,6.4103,-5.95,7,2,430.14,19.835,110.13,-79.457,none,none,high,none,,46.341,30.614,1.0671,1,41,7,0,7,9,9,4,0,31,1,4,4,0,2,4,0,2,4,0,0,0,0,0,0,0,0,0,0,this enantiomer,30.342,68.355,503.15,599.56
192,Ganoderic Acid X,C[C@H](CC/C=C(\C)/C(O)=O)[C@@H](C[C@@H]1OC(C)=O)[C@]2(C)[C@]1(C)C1=CC[C@@H](C(C)(C)[C@@H](CC3)O)[C@@]3(C)C1=CC2,https://www.linkpicture.com/q/192.png,512.728,512.728,512.350.175,6.5024,-5.711,5,2,390.37,15.954,83.83,-42.544,none,none,none,none,,45.946,31.379,1.0418,1,37,5,0,5,8,7,4,0,27,1,4,4,0,2,4,0,2,4,0,0,0,0,0,0,0,0,0,0,this enantiomer,36.097,7.058,455.19,541.33
193,Ganoderic Acid Y,C[C@H](CC/C=C(\C)/C(O)=O)[C@@H](CC1)[C@]2(C)[C@]1(C)C1=CC[C@H](C(C)(C)[C@H](CC3)O)[C@@]3(C)C1=CC2,https://www.linkpicture.com/q/193.png,454.692,454.692,454.344.695,6.8699,-5.7,3,2,351.62,1.116,57.53,-14.959,none,none,none,none,,51.515,32.943,99.887,1,33,3,0,3,7,5,4,0,25,1,4,4,0,2,4,0,2,4,0,0,0,0,0,0,0,0,0,0,this enantiomer,37.252,75.504,398.3,490.09
194,Ganoderic Acid T,C[C@H]([C@H](C/C=C(\C)/C(O)=O)OC(C)=O)[C@@H](C[C@@H]1OC(C)=O)[C@]2(C)[C@]1(C)C1=CC[C@H](C(C)(C)[C@@H](CC3)OC(C)=O)[C@@]3(C)C1=CC2,https://www.linkpicture.com/q/194.png,612.801,612.801,61.236.622,6.4498,-6.132,8,1,462.78,20.584,116.2,-23.763,none,none,none,none,,43.182,33.364,1.0564,1,44,8,0,8,9,11,4,0,30,1,4,4,0,2,4,0,2,4,0,0,0,0,0,0,0,0,0,0,this enantiomer,40.284,68.394,522.91,635.76
195,Polyporenic acid C,CC(C)C(CC[C@H]([C@@H]([C@@H](C1)O)[C@]2(C)[C@]1(C)C1=CC[C@@H](C(C)(C)C(CC3)=O)[C@@]3(C)C1=CC2)C(O)=O)=C,https://www.linkpicture.com/q/195_1.png,482.702,482.702,48.233.961,6.4465,-5.679,4,2,366.15,14.278,74.6,-81.851,none,none,none,none,,45.714,34.558,1.0241,1,35,4,0,4,7,6,4,0,25,2,4,4,0,2,4,0,2,4,0,0,0,0,0,0,0,0,0,0,this enantiomer,30.782,73.087,426.91,518.05
196,Dehydrotrametenonic acid,C[C@]1(CC2)C3=CC[C@@H](C(C)(C)C(CC4)=O)[C@@]4(C)C3=CC[C@]1(C)[C@H]2[C@@H](CCC=C(C)C)C(O)=O,https://www.linkpicture.com/q/196.png,452.676,452.676,452.329.045,7.0136,-5.751,3,1,350.52,11.178,54.37,-48.656,none,none,none,none,,48.485,31.288,1.2008,1,33,3,0,3,6,5,4,0,23,2,4,4,0,2,4,0,2,4,0,0,0,0,0,0,0,0,0,0,this enantiomer,33.034,73.956,405.36,487.78
197,Fomitellic acids A,C[C@@H](CCC=C(C)C)[C@@H](CC[C@@]1(C)C(C(C[C@H]2[C@@](C)([C@H](C3)O)C(O)=O)=O)=C([C@@H](C4)O)[C@@]2(C)[C@@H]3O)[C@]14O,https://www.linkpicture.com/q/197.png,504.661,504.661,504.308.705,3.5778,-4.155,7,5,360.9,25.375,135.29,-10.745,none,none,none,high,,44.444,29.771,1.0611,1,36,7,0,7,10,5,4,0,28,1,4,4,0,2,4,0,2,4,0,0,0,0,0,0,0,0,0,0,this enantiomer,35.419,73.415,421.51,511.67
198,Fomitellic acids B,C[C@H](CCC=C(C)C)[C@@H](CC1)[C@@](C)(CC2)[C@]1(C)C(C(C[C@H]1[C@@](C)([C@H](C3)O)C(O)=O)=O)=C2[C@@]1(C)[C@@H]3O,https://www.linkpicture.com/q/198.png,486.69,486.69,486.334.525,5.5848,-5.181,5,3,361.72,18.075,94.83,-17.449,none,none,high,high,,45.714,29.751,1.0293,1,35,5,0,5,9,5,4,0,27,1,4,4,0,2,4,0,2,4,0,0,0,0,0,0,0,0,0,0,this enantiomer,36.705,7.418,417.13,511.31
199,Clavilactone A,O[C@@H](C=C1)C(C/C=C/CC[C@@]23O[C@H]3[C@H]3OC2=O)=C3[C@@H]1O,https://www.linkpicture.com/q/199.png,276.287,276.287,276.099.775,1.955,-1.971,5,2,195.21,34.266,79.29,-39.942,none,none,none,none,oxiran/aziridine,0.4,22.087,94.009,1,20,5,0,5,5,0,4,0,12,0,4,1,3,3,4,0,0,1,0,3,3,0,0,0,0,0,0,0,this enantiomer,52.762,82.987,233.96,254.29
200,Clavilactone  B,C/C(/CC(C(C=C1)=O)=C2C1=O)=C/CC[C@]13O[C@H]3[C@H]2OC1=O,https://www.linkpicture.com/q/200_7.png,286.282,286.282,286.084.125,1.0893,-2.197,5,0,203.48,32.814,72.97,29.639,high,none,none,none,oxiran/aziridine,38.095,24.008,94.342,1,21,5,0,5,3,0,4,0,9,0,4,1,3,3,4,0,0,1,0,3,3,0,0,0,0,0,0,0,this enantiomer,50.889,81.258,242.05,259.27
201,Clavilactone C,C/C(/[C@@H](c(c1c(cc2)O)c2O)O)=C\CC[C@@]23O[C@H]3[C@@H]1OC2=O,https://www.linkpicture.com/q/201.png,304.297,304.297,30.409.469,8.368,-1.744,6,3,209.61,38.161,99.52,-24.094,low,none,none,none,oxiran/aziridine,36.364,18.082,95.351,1,22,6,0,6,4,0,4,6,12,0,4,1,3,3,3,1,0,0,1,3,3,0,0,0,0,0,0,0,this enantiomer,50.044,82.092,246.85,271.18
202,490 Quinone,NC(C=CC1=O)=CC1=O,https://www.linkpicture.com/q/202.png,123.111,123.111,123.032.029,-8.132,-1.005,3,1,95.23,43.421,60.16,-40.369,none,none,none,low,,66.667,19.056,73.611,1,9,3,0,3,0,0,1,0,0,0,1,1,0,0,1,0,0,1,0,0,0,0,0,0,0,0,0,0,,92.767,86.972,128.08,110.52
203,Hidroquinone,Oc(cc1)ccc1O,https://www.linkpicture.com/q/203.png,110.112,110.112,11.003.678,9.682,-1.024,2,2,85.96,30.479,40.46,-22.721,high,high,high,high,,0.75,0,59.947,1,8,2,0,2,0,0,1,6,2,5,1,1,0,0,0,1,0,0,1,0,0,0,0,0,0,0,0,0,,2.959,88.049,119.58,101.56
204,Genistein,Oc(cc1)ccc1C1=COc(cc(cc2O)O)c2C1=O,https://www.linkpicture.com/q/204.png,270.239,270.239,270.052.825,1.6272,-2.727,5,3,191.03,32.634,86.99,-93.853,high,high,high,none,,0.6,29.499,80.083,1,20,5,0,5,0,1,3,12,4,2,3,2,1,0,1,2,0,0,2,0,1,0,0,0,0,0,0,0,,96.743,75.832,244.89,237.9
205,Hispidin,OC(C=C(/C=C/c(cc1)cc(O)c1O)O1)=CC1=O,https://www.linkpicture.com/q/205.png,246.217,246.217,246.052.825,1.0298,-2.374,5,3,182.48,34.163,86.99,-28.331,none,none,none,none,,61.111,28.351,66.071,1,18,5,0,5,0,2,2,6,4,0,2,1,1,0,1,1,0,0,1,0,1,0,0,0,0,0,0,0,,18.534,75.447,234.43,221.13
206,Gerronemins A,Oc1cccc(CCCCCCCCCCCCc2cccc(O)c2O)c1O,https://www.linkpicture.com/q/206.png,386.53,386.53,38.624.571,7.0222,-4.77,4,4,323.54,16.196,80.92,-74.967,none,none,none,none,,71.429,48.265,68.861,1,28,4,0,4,0,13,2,12,16,14,2,2,0,0,0,2,0,0,2,0,0,0,0,0,0,0,0,0,,29.064,6.536,421.82,429.58
207,Gerronemins B,Oc1cccc(CCCCCCC/C=C\CCCc2cccc(O)c2O)c1O,https://www.linkpicture.com/q/207.png,384.514,384.514,38.423.006,6.77,-4.542,4,4,322.52,16.247,80.92,-11.281,none,none,none,none,,71.429,55.435,68.861,1,28,4,0,4,0,12,2,12,14,0,2,2,0,0,0,2,0,0,2,0,0,0,0,0,0,0,0,0,,31.971,65.673,416.76,425.41
208,Gerronemins C,Oc1cccc(CCCCCCCCCCCCCCc2cccc(O)c2O)c1O,https://www.linkpicture.com/q/208.png,414.584,414.584,41.427.701,7.931,-5.31,4,4,351.06,14.926,80.92,-74.967,none,none,none,none,,73.333,47.983,6.909,1,30,4,0,4,0,15,2,12,18,15,2,2,0,0,0,2,0,0,2,0,0,0,0,0,0,0,0,0,,23.836,62.999,461.03,465.24
209,Gerronemins D,Oc1cccc(CCCCCCC/C=C\CCCCCc2cccc(O)c2O)c1O,https://www.linkpicture.com/q/209.png,412.568,412.568,41.226.136,7.6788,-5.082,4,4,350.04,1.497,80.92,-11.281,none,none,none,none,,73.333,55.182,6.909,1,30,4,0,4,0,14,2,12,16,0,2,2,0,0,0,2,0,0,2,0,0,0,0,0,0,0,0,0,,2.641,63.206,456.99,461.44
210,Gerronemin E,Oc1cccc(CCCCCCC/C=C\C/C=C\CCc2cccc(O)c2O)c1O,https://www.linkpicture.com/q/210.png,410.552,410.552,41.024.571,7.4266,-4.854,4,4,349.02,15.013,80.92,-11.281,none,none,none,none,,73.333,60.321,6.909,1,30,4,0,4,0,13,2,12,14,0,2,2,0,0,0,2,0,0,2,0,0,0,0,0,0,0,0,0,,28.812,64.082,448.22,457.5
211,Gerronemins F,Oc1cccc(CCCCCCC/C=C\C/C=C\CCCCc2cccc(O)c2O)c1O,https://www.linkpicture.com/q/211.png,438.606,438.606,43.827.701,8.3354,-5.394,4,4,376.54,13.916,80.92,-11.281,none,none,none,none,,0.75,59.749,69.315,1,32,4,0,4,0,15,2,12,16,0,2,2,0,0,0,2,0,0,2,0,0,0,0,0,0,0,0,0,,29.541,62.851,482.12,495.24
212,2-Aminophenoxazin-3-one,NC1=CC2=Nc(cccc3)c3OC2=CC1=O,https://www.linkpicture.com/q/212_1.png,212.208,212.208,212.058.578,4.894,-2.525,4,1,154.92,32.159,64.68,-15,high,none,none,none,,5.625,11.361,78.935,1,16,4,0,4,0,0,3,6,1,0,3,2,1,0,2,1,0,1,1,0,1,0,0,0,0,0,0,0,,11.175,7.963,199.26,187.89
213,Celecoxib,O=S(=O)(c3ccc(n1nc(cc1c2ccc(cc2)C)C(F)(F)F)cc3)N,https://www.linkpicture.com/q/213_1.png,381.377,381.377,381.075.881,2.5888,-4.174,5,1,259.56,23.767,86.36,-81.085,none,none,none,none,,0.5,47.398,82.757,1,26,9,0,9,0,4,3,17,3,7,3,2,1,0,0,3,0,0,2,0,0,1,1,0,0,0,2,0,,35.166,70.438,332.34,336.7
214,Diclofenac,OC(Cc(cccc1)c1Nc(c(Cl)ccc1)c1Cl)=O,https://www.linkpicture.com/q/214.png,296.152,296.152,295.016.683,3.8852,-4.644,3,2,213.18,17.638,49.33,-71.474,none,none,high,none,,52.632,53.314,73.114,1,19,5,0,5,0,4,2,12,2,3,2,2,0,0,0,2,0,0,2,0,0,0,0,1,0,1,0,0,,50.222,77.347,261.03,269.7
215,Etodolac,CC[C@]1(CC(O)=O)OCCc2c1[nH]c1c2cccc1CC,https://www.linkpicture.com/q/215.png,287.358,287.358,287.152.144,2.9812,-3.529,4,2,221.76,22.606,62.32,1.5288,none,none,none,none,,47.619,38.414,91.337,1,21,4,0,4,1,4,3,9,10,0,3,1,2,0,1,2,0,0,1,0,1,1,0,0,0,0,1,0,this enantiomer,59.996,77.053,278.5,295.5
216,Ibuprofen,CC(C)Cc1ccc([C@@H](C)C(O)=O)cc1,https://www.linkpicture.com/q/216.png,206.284,206.284,20.613.068,3.2025,-2.895,2,1,172.9,15.119,37.3,805,none,none,none,none,,66.667,62.095,56.446,1,15,2,0,2,1,4,1,6,7,3,1,1,0,0,0,1,0,0,1,0,0,0,0,0,0,0,0,0,this enantiomer,4.158,78.076,234.48,232.84
217,Indometacin,Cc1c(CC(O)=O)c(cc(cc2)OC)c2n1C(c(cc1)ccc1Cl)=O,https://www.linkpicture.com/q/217.png,357.792,357.792,357.076.786,4.2028,-5.396,5,1,262.37,21.363,68.53,2.8,none,none,none,none,,0.52,46.512,90.974,1,25,6,0,6,0,5,3,15,5,2,3,2,1,0,0,3,0,0,2,0,0,1,0,0,0,0,1,0,,37.526,73.003,317.67,332.01
218,ketoprofen,C[C@@H](C(O)=O)c1cccc(C(c2ccccc2)=O)c1,https://www.linkpicture.com/q/218.png,254.284,254.284,254.094.295,2.7003,-4.062,3,1,199.63,19.626,54.37,41.431,none,none,none,none,,57.895,55.416,66.621,1,19,3,0,3,1,4,2,12,3,2,2,2,0,0,0,2,0,0,2,0,0,0,0,0,0,0,0,0,this enantiomer,43.746,7.594,257.38,256.85
219,Lumiracoxib,Cc(cc1)cc(CC(O)=O)c1Nc(c(F)ccc1)c1Cl,https://www.linkpicture.com/q/219.png,293.724,293.724,293.061.884,3.7239,-4.566,3,2,216.37,17.378,49.33,-20.597,none,none,none,none,,0.5,52.068,75.973,1,20,5,0,5,0,4,2,12,3,0,2,2,0,0,0,2,0,0,2,0,0,0,0,1,0,1,0,0,,45.201,75.702,271.04,276.28
220,Meloxicam,Cc1cnc(NC(C(N(C)S(c2c3cccc2)(=O)=O)=C3O)=O)s1,https://www.linkpicture.com/q/220.png,351.406,351.406,351.034.747,1.9072,-2.641,7,2,236.1,42.804,136.22,5.7572,none,none,none,none,limit! thiazol-2-ylamine,52.174,19.702,91.408,1,23,9,0,9,0,2,3,11,4,1,3,1,2,0,1,2,0,0,1,0,1,1,2,0,0,0,1,0,,28.188,73.365,291.15,293.47
221,Nebumetone,CC(CCc(ccc1c2)cc1ccc2OC)=O,https://www.linkpicture.com/q/221.png,228.29,228.29,22.811.503,3.3993,-3.935,2,0,187.65,12.278,26.3,-39.295,none,none,high,high,,70.588,4.412,67.019,1,17,2,0,2,0,4,2,10,5,0,2,2,0,0,0,2,0,0,2,0,0,0,0,0,0,0,0,0,,24.301,75.439,248.49,241.23
222,Naproxen,C[C@H](C(O)=O)c(ccc1c2)cc1ccc2OC,https://www.linkpicture.com/q/222_16.png,230.262,230.262,230.094.295,2.6947,-3.586,3,1,178.98,20.192,46.53,36.151,none,none,none,none,,64.706,39.789,68.976,1,17,3,0,3,1,3,2,10,5,0,2,2,0,0,0,2,0,0,2,0,0,0,0,0,0,0,0,0,this enantiomer,4.107,76.568,238.48,231.96
223,Nimesulide,CS(Nc(ccc([N+]([O-])=O)c1)c1Oc1ccccc1)(=O)=O,https://www.linkpicture.com/q/223_3.png,308.313,308.313,308.046.693,1.1823,-5.46,7,1,218.99,36.741,109.6,-72.946,none,none,none,none,aromatic nitro,47.619,50.537,74.264,1,21,8,0,8,0,4,2,12,4,3,2,2,0,0,0,2,0,0,2,0,0,0,1,0,0,0,0,0,,43.465,76.392,263.29,268.15
224,Piroxicam,CN(C(C(Nc1ncccc1)=O)=C(c1c2cccc1)O)S2(=O)=O,https://www.linkpicture.com/q/224.png,331.351,331.351,331.062.677,1.2063,-2.184,7,2,227.9,3.541,107.98,5.6003,none,none,none,none,,52.174,18.597,91.193,1,23,8,0,8,0,2,3,12,3,1,3,1,2,0,1,2,0,0,1,0,1,1,2,0,0,0,1,0,,3.006,74.318,280.68,283.23
225,Rofecoxib,CS(c(cc1)ccc1C(COC1=O)=C1c1ccccc1)(=O)=O,https://www.linkpicture.com/q/225.png,314.36,314.36,31.406.128,1.2168,-3.076,4,0,224.79,22.964,68.82,4.3117,none,none,high,none,,54.545,45.981,80.548,1,22,5,0,5,0,3,3,12,4,5,3,2,1,0,1,2,0,0,2,0,1,0,0,0,0,0,0,0,,39.086,73.523,292.19,296.01
226,Valdecoxib,Cc(onc1-c2ccccc2)c1-c(cc1)ccc1S(N)(=O)=O,https://www.linkpicture.com/q/226.png,314.364,314.364,314.072.513,2.6412,-4.844,5,1,230.59,29.893,94.57,2.0175,none,none,none,none,,54.545,45.411,8.075,1,22,6,0,6,0,3,3,17,2,5,3,2,1,0,0,3,0,0,2,0,0,1,1,0,0,0,1,0,,38.536,73.487,293.15,297.25